{"stats":{"minecraft:killed":{"orcz:goblinshield":2,"graveyard:skeleton_creeper":1,"minecraft:spider":1,"orcz:bannerman":1,"born_in_chaos_v1:zombie_bruiser":1,"born_in_chaos_v1:baby_spider":13,"born_in_chaos_v1:dire_hound_leader":1,"realmrpg_demons:chort":1,"iceandfire:cyclops":1,"born_in_chaos_v1:baby_skeleton":1,"iceandfire:troll":1,"born_in_chaos_v1:mother_spider":2,"minecraft:zombie":2,"born_in_chaos_v1:dread_hound":3,"iceandfire:ice_dragon":3,"alexsmobs:fly":2,"iceandfire:pixie":1,"born_in_chaos_v1:door_knight":2,"orcz:goblin_2sword":2,"minecraft:enderman":2},"minecraft:custom":{"minecraft:mob_kills":44,"minecraft:interact_with_anvil":2,"minecraft:damage_dealt_resisted":18763,"minecraft:leave_game":19,"minecraft:time_since_death":1128385,"minecraft:climb_one_cm":6266,"minecraft:sprint_one_cm":297999,"minecraft:walk_one_cm":527559,"minecraft:drop":18,"minecraft:play_time":1128385,"minecraft:sneak_time":88356,"minecraft:boat_one_cm":4631,"minecraft:interact_with_lectern":5,"minecraft:jump":1459,"minecraft:walk_on_water_one_cm":1500,"minecraft:total_world_time":1128385,"minecraft:time_since_rest":1128385,"minecraft:damage_taken":150,"minecraft:damage_dealt":17232,"minecraft:fly_one_cm":17764780,"minecraft:open_chest":1,"minecraft:crouch_one_cm":37033,"tombstone:undead_killed":7,"minecraft:fall_one_cm":2405},"minecraft:picked_up":{"fantasyfurniture:bone/wither/carpet":1,"farmersdelight:cutting_board":1,"minecraft:netherite_sword":1,"twilightforest:iron_ladder":4,"minecraft:written_book":1,"minecraft:spruce_slab":1,"minecraft:egg":2,"twilightforest:canopy_fence":1,"minecraft:spruce_fence":1,"iceandfire:silver_ingot":14,"minecraft:rotten_flesh":2,"fantasyfurniture:nordic/carpet":3,"born_in_chaos_v1:trident_hayfork":1,"minecraft:iron_bars":1,"tombstone:easter_egg":1,"orcz:orcteeth":5,"minecraft:water_bucket":1,"supplementaries:item_shelf":1,"farmersdelight:salmon_slice":6,"minecraft:cobblestone_wall":1,"farmersdelight:chicken_sandwich":1,"minecraft:piglin_head":2,"minecraft:bone":3,"minecraft:spruce_wood":1,"minecraft:black_stained_glass_pane":1,"farmersdelight:cabbage_leaf":1,"twilightforest:canopy_planks":1,"iceandfire:dragon_ice":5,"minecraft:coal":192},"minecraft:used":{"minecraft:oak_fence":28,"minecraft:light_blue_stained_glass_pane":16,"minecraft:netherite_sword":16,"minecraft:polished_blackstone_brick_slab":124,"minecraft:iron_bars":260,"twilightforest:canopy_stairs":33,"minecraft:dead_tube_coral_block":5,"minecraft:polished_deepslate":7,"minecraft:melon":4,"minecraft:spruce_slab":523,"minecraft:ladder":3,"minecraft:light_gray_carpet":1,"minecraft:spruce_planks":1590,"iceandfire:dragonscale_black":2,"minecraft:stone":28,"supplementaries:blackstone_tile_stairs":388,"minecraft:sandstone_wall":10,"securitycraft:reinforced_red_carpet":1,"minecraft:debug_stick":25,"minecraft:torch":91,"born_in_chaos_v1:scorched_planks_stairs":53,"minecraft:dirt":18,"cataclysm:obsidian_brick_wall":22,"minecraft:anvil":94,"minecraft:ancient_debris":273,"minecraft:white_carpet":1,"born_in_chaos_v1:scorched_planks_fence":229,"tombstone:dark_marble_wall":2,"farmersdelight:carrot_crate":1,"minecraft:spruce_stairs":1391,"minecraft:cobblestone_wall":551,"deeperdarker:polished_gloomslate_wall":21,"minecraft:deepslate_tile_slab":16,"minecraft:deepslate_brick_slab":253,"graveyard:dark_iron_trapdoor":3,"minecraft:tuff":1,"minecraft:spruce_fence":13,"supplementaries:item_shelf":6,"born_in_chaos_v1:scorched_planks_slab":69,"cataclysm:azure_seastone_fence":23,"minecraft:andesite_wall":27,"minecraft:dark_oak_planks":23,"minecraft:stone_brick_slab":2039,"supplementaries:stone_tile_wall":210,"minecraft:wooden_axe":5,"minecraft:packed_ice":195,"minecraft:stripped_dark_oak_wood":11,"born_in_chaos_v1:cobweb_cover":2,"minecraft:black_stained_glass_pane":167,"supplementaries:blackstone_tile":51,"minecraft:lantern":77,"minecraft:spruce_wood":842,"minecraft:iron_block":936,"minecraft:dark_oak_wood":12,"twilightforest:canopy_fence":5,"minecraft:polished_blackstone_brick_stairs":56,"minecraft:dark_oak_slab":894,"fantasyfurniture:dunmer/chair":4,"iceandfire:dragonsteel_fire_sword":71,"twilightforest:canopy_door":1,"minecraft:stone_brick_stairs":624,"minecraft:stone_bricks":2050,"minecraft:item_frame":3,"minecraft:smooth_basalt":417,"minecraft:basalt":161,"minecraft:red_stained_glass_pane":16,"minecraft:red_carpet":4,"minecraft:red_nether_brick_wall":8,"minecraft:snow":13,"minecraft:emerald_block":196,"minecraft:hay_block":4,"minecraft:written_book":1,"fantasyfurniture:nordic/chest":2,"minecraft:deepslate_tile_stairs":11,"minecraft:podzol":8,"born_in_chaos_v1:scorched_planks":16,"minecraft:gold_block":822,"twilightforest:canopy_trapdoor":58,"minecraft:cooked_beef":3,"minecraft:pumpkin":6,"minecraft:brown_concrete_powder":2,"minecraft:cobbled_deepslate_wall":142,"minecraft:dark_oak_stairs":107,"minecraft:water_bucket":8,"minecraft:end_rod":10,"minecraft:mangrove_wood":18,"born_in_chaos_v1:scorched_wood":7,"minecraft:dirt_path":1,"minecraft:spruce_door":5,"minecraft:snow_block":493,"minecraft:polished_andesite":43,"minecraft:oak_planks":17,"fantasyfurniture:nordic/carpet":8,"securitycraft:reinforced_polished_blackstone_wall":1711,"minecraft:white_wool":52,"minecraft:jungle_wood":8,"fantasyfurniture:nordic/bed_double":1,"minecraft:diamond_block":787,"minecraft:oak_slab":17,"orcz:orc_wood_fence":873,"minecraft:blue_ice":22,"minecraft:campfire":20,"fantasyfurniture:bone/wither/carpet":35,"minecraft:stone_brick_wall":60,"supplementaries:blackstone_tile_slab":1853,"minecraft:gray_concrete":43,"minecraft:black_concrete_powder":81,"minecraft:piglin_head":5,"minecraft:dark_oak_door":2,"minecraft:deepslate_brick_stairs":60,"minecraft:deepslate_tile_wall":336,"minecraft:deepslate_tiles":36,"minecraft:mud":129,"twilightforest:mining_trapdoor":3,"minecraft:black_concrete":6,"twilightforest:dark_trapdoor":13,"minecraft:acacia_stairs":2,"minecraft:black_wool":21,"minecraft:stone_button":3,"born_in_chaos_v1:scorched_planks_fence_gate":16,"born_in_chaos_v1:black_argillite_brick_wall":206,"minecraft:spruce_trapdoor":90,"supplementaries:iron_gate":5,"minecraft:deepslate":31,"securitycraft:reinforced_chain":1,"fantasyfurniture:nordic/bench":13,"twilightforest:canopy_slab":67,"minecraft:coal_block":185,"minecraft:cobblestone":62,"minecraft:cooked_porkchop":2,"minecraft:dark_oak_fence":111,"farmersdelight:spruce_cabinet":5,"minecraft:andesite":15,"minecraft:chain":106,"minecraft:ice":19,"twilightforest:wrought_iron_fence":15,"minecraft:cobweb":59,"twilightforest:canopy_planks":30},"minecraft:dropped":{"minecraft:water_bucket":1,"minecraft:piglin_head":1,"twilightforest:canopy_fence":1,"minecraft:torch":1,"minecraft:black_stained_glass_pane":1,"twilightforest:canopy_planks":1,"born_in_chaos_v1:trident_hayfork":1,"irons_spellbooks:invisibility_ring":1,"minecraft:bone":1,"minecraft:cobblestone_wall":1,"minecraft:netherite_sword":1,"minecraft:rotten_flesh":2,"minecraft:spruce_fence":1,"iceandfire:silver_ingot":14,"minecraft:spruce_wood":1,"minecraft:spruce_slab":1,"minecraft:iron_bars":1}},"DataVersion":3465}