{"stats":{"minecraft:dropped":{"minecraft:water_bucket":1,"minecraft:cobblestone_wall":1,"minecraft:spruce_fence":1,"twilightforest:canopy_fence":1,"minecraft:black_stained_glass_pane":1,"iceandfire:silver_ingot":14,"minecraft:spruce_wood":1,"minecraft:spruce_slab":1,"minecraft:iron_bars":1},"minecraft:custom":{"minecraft:interact_with_anvil":1,"minecraft:mob_kills":11,"minecraft:damage_dealt_resisted":16271,"minecraft:leave_game":12,"minecraft:time_since_death":516518,"minecraft:climb_one_cm":5239,"minecraft:time_since_rest":516518,"minecraft:sprint_one_cm":186615,"minecraft:damage_taken":20,"minecraft:walk_one_cm":339063,"minecraft:drop":9,"minecraft:damage_dealt":7145,"minecraft:fly_one_cm":7387926,"minecraft:crouch_one_cm":20177,"minecraft:play_time":516518,"tombstone:undead_killed":1,"minecraft:sneak_time":40268,"minecraft:interact_with_lectern":4,"minecraft:jump":657,"minecraft:total_world_time":516518,"minecraft:fall_one_cm":615},"minecraft:picked_up":{"fantasyfurniture:bone/wither/carpet":1,"tombstone:easter_egg":1,"orcz:orcteeth":5,"minecraft:water_bucket":1,"farmersdelight:salmon_slice":6,"minecraft:cobblestone_wall":1,"farmersdelight:cutting_board":1,"farmersdelight:chicken_sandwich":1,"twilightforest:iron_ladder":4,"minecraft:spruce_wood":1,"minecraft:written_book":1,"minecraft:spruce_slab":1,"minecraft:egg":2,"twilightforest:canopy_fence":1,"minecraft:spruce_fence":1,"minecraft:black_stained_glass_pane":1,"farmersdelight:cabbage_leaf":1,"iceandfire:silver_ingot":14,"iceandfire:dragon_ice":5,"fantasyfurniture:nordic/carpet":3,"minecraft:iron_bars":1,"minecraft:coal":192},"minecraft:killed":{"orcz:goblinshield":2,"graveyard:skeleton_creeper":1,"iceandfire:cyclops":1,"orcz:bannerman":1,"iceandfire:ice_dragon":2,"iceandfire:pixie":1,"orcz:goblin_2sword":2},"minecraft:used":{"minecraft:cobbled_deepslate_wall":95,"minecraft:oak_fence":26,"minecraft:light_blue_stained_glass_pane":16,"minecraft:dark_oak_stairs":86,"minecraft:water_bucket":7,"minecraft:end_rod":8,"minecraft:iron_bars":94,"born_in_chaos_v1:scorched_wood":6,"minecraft:spruce_door":5,"minecraft:snow_block":7,"minecraft:oak_planks":17,"minecraft:spruce_slab":408,"minecraft:polished_andesite":34,"minecraft:ladder":3,"minecraft:spruce_planks":1456,"fantasyfurniture:nordic/carpet":8,"securitycraft:reinforced_red_carpet":1,"minecraft:debug_stick":25,"minecraft:torch":86,"born_in_chaos_v1:scorched_planks_stairs":46,"fantasyfurniture:nordic/bed_double":1,"minecraft:diamond_block":478,"minecraft:dirt":18,"minecraft:anvil":25,"born_in_chaos_v1:scorched_planks_fence":128,"minecraft:oak_slab":17,"minecraft:spruce_stairs":1331,"minecraft:cobblestone_wall":328,"minecraft:campfire":20,"fantasyfurniture:bone/wither/carpet":35,"minecraft:stone_brick_wall":8,"graveyard:dark_iron_trapdoor":3,"minecraft:gray_concrete":42,"minecraft:spruce_fence":8,"minecraft:dark_oak_door":2,"born_in_chaos_v1:scorched_planks_slab":64,"cataclysm:azure_seastone_fence":6,"minecraft:deepslate_tiles":1,"twilightforest:dark_trapdoor":13,"minecraft:dark_oak_planks":17,"minecraft:stone_brick_slab":1320,"supplementaries:stone_tile_wall":210,"twilightforest:mining_trapdoor":3,"minecraft:packed_ice":102,"minecraft:acacia_stairs":2,"minecraft:stripped_dark_oak_wood":9,"born_in_chaos_v1:cobweb_cover":2,"minecraft:black_stained_glass_pane":153,"minecraft:spruce_wood":840,"minecraft:dark_oak_wood":6,"twilightforest:canopy_fence":5,"minecraft:spruce_trapdoor":20,"minecraft:dark_oak_slab":42,"fantasyfurniture:dunmer/chair":2,"supplementaries:iron_gate":5,"iceandfire:dragonsteel_fire_sword":65,"minecraft:stone_brick_stairs":452,"twilightforest:canopy_door":1,"minecraft:stone_bricks":1976,"fantasyfurniture:nordic/bench":3,"minecraft:red_stained_glass_pane":16,"minecraft:red_carpet":4,"minecraft:cobblestone":46,"minecraft:snow":3,"minecraft:written_book":1,"minecraft:emerald_block":196,"fantasyfurniture:nordic/chest":2,"minecraft:dark_oak_fence":22,"farmersdelight:spruce_cabinet":5,"born_in_chaos_v1:scorched_planks":16,"minecraft:chain":27,"minecraft:gold_block":186,"twilightforest:canopy_trapdoor":22,"minecraft:ice":19,"minecraft:cobweb":59}},"DataVersion":3465}