{"stats":{"minecraft:used":{"minecraft:cobbled_deepslate_wall":8,"minecraft:stone_bricks":912,"minecraft:torch":57,"minecraft:stone_brick_slab":324,"supplementaries:stone_tile_wall":27,"minecraft:diamond_block":7,"minecraft:iron_bars":69,"minecraft:dirt":18,"minecraft:snow":3,"minecraft:spruce_door":5,"born_in_chaos_v1:scorched_planks_fence":56,"minecraft:oak_slab":15,"minecraft:black_stained_glass_pane":111,"minecraft:spruce_wood":517,"minecraft:spruce_slab":71,"minecraft:spruce_stairs":380,"minecraft:oak_planks":17,"minecraft:cobblestone_wall":121,"minecraft:ladder":3,"minecraft:campfire":1,"fantasyfurniture:bone/wither/carpet":18,"minecraft:spruce_planks":1150,"minecraft:stone_brick_wall":8,"fantasyfurniture:nordic/carpet":5,"minecraft:dark_oak_door":2,"twilightforest:canopy_door":1,"minecraft:stone_brick_stairs":288},"minecraft:picked_up":{"tombstone:easter_egg":1},"minecraft:custom":{"minecraft:time_since_rest":211808,"minecraft:sprint_one_cm":81118,"minecraft:crouch_one_cm":8164,"minecraft:play_time":211808,"minecraft:damage_taken":20,"minecraft:walk_one_cm":160191,"minecraft:sneak_time":17242,"minecraft:jump":294,"minecraft:leave_game":6,"minecraft:time_since_death":211808,"minecraft:climb_one_cm":2717,"minecraft:total_world_time":211808,"minecraft:fall_one_cm":615,"minecraft:fly_one_cm":3195893}},"DataVersion":3465}