{"stats":{"minecraft:custom":{"minecraft:interact_with_anvil":2,"minecraft:mob_kills":34,"minecraft:damage_dealt_resisted":17911,"minecraft:leave_game":17,"minecraft:time_since_death":863692,"minecraft:climb_one_cm":6118,"minecraft:time_since_rest":863692,"minecraft:sprint_one_cm":243621,"minecraft:damage_taken":30,"minecraft:walk_one_cm":413115,"minecraft:drop":11,"minecraft:damage_dealt":13431,"minecraft:fly_one_cm":13806048,"minecraft:open_chest":1,"minecraft:crouch_one_cm":26779,"minecraft:play_time":863692,"tombstone:undead_killed":4,"minecraft:sneak_time":67640,"minecraft:interact_with_lectern":4,"minecraft:jump":1025,"minecraft:total_world_time":863692,"minecraft:fall_one_cm":950},"minecraft:used":{"minecraft:cobbled_deepslate_wall":118,"minecraft:oak_fence":26,"minecraft:dirt_path":1,"minecraft:netherite_sword":11,"minecraft:water_bucket":7,"minecraft:dark_oak_stairs":86,"minecraft:light_blue_stained_glass_pane":16,"born_in_chaos_v1:scorched_wood":6,"minecraft:polished_blackstone_brick_slab":12,"minecraft:end_rod":10,"minecraft:mangrove_wood":16,"minecraft:iron_bars":260,"minecraft:dead_tube_coral_block":5,"minecraft:spruce_door":5,"minecraft:polished_deepslate":7,"minecraft:snow_block":162,"minecraft:oak_planks":17,"minecraft:spruce_slab":476,"minecraft:polished_andesite":43,"minecraft:ladder":3,"minecraft:spruce_planks":1461,"iceandfire:dragonscale_black":2,"minecraft:stone":27,"fantasyfurniture:nordic/carpet":8,"supplementaries:blackstone_tile_stairs":147,"securitycraft:reinforced_polished_blackstone_wall":260,"securitycraft:reinforced_red_carpet":1,"minecraft:debug_stick":25,"minecraft:torch":91,"minecraft:jungle_wood":2,"born_in_chaos_v1:scorched_planks_stairs":46,"fantasyfurniture:nordic/bed_double":1,"minecraft:diamond_block":787,"minecraft:dirt":18,"cataclysm:obsidian_brick_wall":22,"minecraft:anvil":43,"minecraft:ancient_debris":273,"minecraft:deepslate_tile_slab":16,"fantasyfurniture:bone/wither/carpet":35,"born_in_chaos_v1:scorched_planks_fence":228,"tombstone:dark_marble_wall":2,"minecraft:oak_slab":17,"minecraft:stone_brick_wall":60,"minecraft:gray_concrete":43,"orcz:orc_wood_fence":76,"minecraft:tuff":1,"minecraft:spruce_stairs":1331,"deeperdarker:polished_gloomslate_wall":21,"minecraft:cobblestone_wall":547,"graveyard:dark_iron_trapdoor":3,"minecraft:deepslate_brick_slab":253,"minecraft:campfire":20,"minecraft:blue_ice":9,"supplementaries:blackstone_tile_slab":276,"minecraft:black_concrete_powder":24,"minecraft:spruce_fence":8,"minecraft:dark_oak_planks":17,"minecraft:packed_ice":183,"minecraft:deepslate_brick_stairs":60,"minecraft:dark_oak_door":2,"born_in_chaos_v1:scorched_planks_slab":64,"cataclysm:azure_seastone_fence":23,"minecraft:deepslate_tile_wall":336,"minecraft:deepslate_tiles":36,"minecraft:andesite_wall":27,"minecraft:acacia_stairs":2,"twilightforest:dark_trapdoor":13,"supplementaries:stone_tile_wall":210,"minecraft:mud":44,"minecraft:stone_brick_slab":2037,"minecraft:wooden_axe":5,"twilightforest:mining_trapdoor":3,"minecraft:black_wool":21,"minecraft:black_concrete":6,"minecraft:stripped_dark_oak_wood":10,"born_in_chaos_v1:cobweb_cover":2,"minecraft:black_stained_glass_pane":153,"minecraft:spruce_wood":841,"minecraft:iron_block":928,"minecraft:lantern":36,"minecraft:stone_button":3,"born_in_chaos_v1:scorched_planks_fence_gate":16,"born_in_chaos_v1:black_argillite_brick_wall":206,"minecraft:dark_oak_wood":6,"twilightforest:canopy_fence":5,"minecraft:spruce_trapdoor":74,"minecraft:dark_oak_slab":46,"minecraft:polished_blackstone_brick_stairs":56,"fantasyfurniture:dunmer/chair":2,"supplementaries:iron_gate":5,"iceandfire:dragonsteel_fire_sword":65,"minecraft:deepslate":8,"minecraft:stone_brick_stairs":621,"twilightforest:canopy_door":1,"minecraft:stone_bricks":2048,"minecraft:smooth_basalt":94,"minecraft:red_stained_glass_pane":16,"securitycraft:reinforced_chain":1,"minecraft:basalt":117,"fantasyfurniture:nordic/bench":3,"minecraft:coal_block":48,"minecraft:red_carpet":4,"minecraft:cobblestone":61,"minecraft:snow":3,"minecraft:emerald_block":196,"minecraft:hay_block":4,"minecraft:written_book":1,"fantasyfurniture:nordic/chest":2,"minecraft:podzol":1,"minecraft:deepslate_tile_stairs":11,"minecraft:dark_oak_fence":22,"minecraft:andesite":14,"farmersdelight:spruce_cabinet":5,"born_in_chaos_v1:scorched_planks":16,"minecraft:chain":62,"minecraft:gold_block":812,"twilightforest:canopy_trapdoor":22,"minecraft:ice":19,"minecraft:brown_concrete_powder":2,"twilightforest:wrought_iron_fence":15,"minecraft:cobweb":59},"minecraft:killed":{"orcz:goblinshield":2,"graveyard:skeleton_creeper":1,"iceandfire:cyclops":1,"orcz:bannerman":1,"born_in_chaos_v1:mother_spider":2,"born_in_chaos_v1:zombie_bruiser":1,"born_in_chaos_v1:baby_spider":12,"born_in_chaos_v1:dire_hound_leader":1,"minecraft:zombie":1,"born_in_chaos_v1:dread_hound":3,"iceandfire:ice_dragon":2,"iceandfire:pixie":1,"born_in_chaos_v1:door_knight":1,"orcz:goblin_2sword":2,"minecraft:enderman":2},"minecraft:picked_up":{"fantasyfurniture:bone/wither/carpet":1,"tombstone:easter_egg":1,"orcz:orcteeth":5,"minecraft:water_bucket":1,"farmersdelight:salmon_slice":6,"minecraft:cobblestone_wall":1,"farmersdelight:cutting_board":1,"farmersdelight:chicken_sandwich":1,"minecraft:bone":2,"twilightforest:iron_ladder":4,"minecraft:spruce_wood":1,"minecraft:written_book":1,"minecraft:spruce_slab":1,"minecraft:egg":2,"minecraft:spruce_fence":1,"twilightforest:canopy_fence":1,"minecraft:black_stained_glass_pane":1,"farmersdelight:cabbage_leaf":1,"iceandfire:silver_ingot":14,"iceandfire:dragon_ice":5,"fantasyfurniture:nordic/carpet":3,"minecraft:coal":192,"minecraft:iron_bars":1},"minecraft:dropped":{"minecraft:water_bucket":1,"minecraft:cobblestone_wall":1,"minecraft:spruce_fence":1,"twilightforest:canopy_fence":1,"minecraft:torch":1,"minecraft:black_stained_glass_pane":1,"iceandfire:silver_ingot":14,"minecraft:spruce_wood":1,"minecraft:spruce_slab":1,"minecraft:iron_bars":1,"minecraft:bone":1}},"DataVersion":3465}