{"stats":{"minecraft:dropped":{"minecraft:oak_planks":1},"minecraft:picked_up":{"minecraft:stick":24,"minecraft:brown_mushroom":2,"dtterralith:orange_pine_seed":1,"iceandfire:dragon_ice":1,"minecraft:spruce_log":14,"minecraft:oak_planks":1,"minecraft:dark_oak_log":12},"minecraft:custom":{"minecraft:time_since_rest":52271,"minecraft:open_chest":1,"minecraft:crouch_one_cm":3344,"minecraft:sprint_one_cm":10544,"minecraft:play_time":52271,"minecraft:walk_one_cm":81193,"minecraft:sneak_time":2584,"minecraft:mob_kills":2,"minecraft:drop":1,"minecraft:jump":178,"minecraft:damage_dealt":4511,"minecraft:leave_game":1,"minecraft:time_since_death":52271,"minecraft:total_world_time":52271,"minecraft:climb_one_cm":666,"minecraft:fly_one_cm":460126},"minecraft:killed":{"iceandfire:ice_dragon":2},"minecraft:used":{"minecraft:snow":1,"minecraft:snow_block":99,"minecraft:birch_log":47,"minecraft:oak_planks":536,"iceandfire:dragonsteel_fire_sword":21}},"DataVersion":3465}