{"stats":{"minecraft:picked_up":{"minecraft:spruce_log":5,"minecraft:brown_mushroom":1},"minecraft:custom":{"minecraft:jump":74,"minecraft:open_chest":1,"minecraft:time_since_rest":34271,"minecraft:crouch_one_cm":3300,"minecraft:leave_game":1,"minecraft:play_time":34271,"minecraft:sprint_one_cm":7765,"minecraft:time_since_death":34271,"minecraft:walk_one_cm":24896,"minecraft:sneak_time":2322,"minecraft:climb_one_cm":666,"minecraft:total_world_time":34271,"minecraft:fly_one_cm":362037},"minecraft:used":{"minecraft:oak_planks":72,"minecraft:birch_log":47,"minecraft:snow":1,"minecraft:snow_block":99}},"DataVersion":3465}