{"stats":{"minecraft:dropped":{"minecraft:oak_planks":1},"minecraft:picked_up":{"minecraft:stick":68,"minecraft:rotten_flesh":5,"minecraft:brown_mushroom":4,"born_in_chaos_v1:ethereal_spirit":1,"dtterralith:orange_pine_seed":1,"iceandfire:dragon_ice":1,"born_in_chaos_v1:dark_rod":2,"minecraft:spruce_log":26,"minecraft:oak_planks":1,"minecraft:dark_oak_log":12},"minecraft:custom":{"minecraft:time_since_rest":79629,"minecraft:open_chest":1,"minecraft:crouch_one_cm":3672,"minecraft:sprint_one_cm":32096,"minecraft:play_time":79629,"tombstone:undead_killed":2,"minecraft:walk_one_cm":139127,"minecraft:sneak_time":3745,"minecraft:mob_kills":5,"minecraft:drop":1,"minecraft:jump":353,"minecraft:damage_dealt":5076,"minecraft:leave_game":2,"minecraft:walk_on_water_one_cm":202,"minecraft:time_since_death":79629,"minecraft:total_world_time":79629,"minecraft:climb_one_cm":666,"minecraft:fly_one_cm":1040711},"minecraft:killed":{"iceandfire:ice_dragon":2,"minecraft:zombie":2,"born_in_chaos_v1:dark_vortex":1},"minecraft:used":{"minecraft:torch":164,"minecraft:snow":1,"minecraft:snow_block":196,"minecraft:birch_log":70,"minecraft:oak_planks":809,"iceandfire:dragonsteel_fire_sword":25}},"DataVersion":3465}