{"stats":{"minecraft:killed":{"graveyard:skeleton_creeper":1,"born_in_chaos_v1:maggot":2,"born_in_chaos_v1:baby_spider":1,"minecraft:skeleton":1,"realmrpg_demons:chort":3,"iceandfire:hippocampus":1,"born_in_chaos_v1:spiritof_chaos":1,"born_in_chaos_v1:baby_skeleton":2,"orcz:goblinsavagemace":2,"iceandfire:troll":4,"minecraft:wandering_trader":1,"minecraft:creeper":9,"born_in_chaos_v1:decrepit_skeleton":2,"minecraft:trader_llama":2,"minecraft:zombie":5,"born_in_chaos_v1:dread_hound":3,"born_in_chaos_v1:corpse_fly":2,"born_in_chaos_v1:dark_vortex":1,"alexsmobs:fly":1,"mca:female_villager":2,"orcz:snot":12,"orcz:goblin_2sword":1},"minecraft:custom":{"minecraft:mob_kills":59,"minecraft:open_barrel":13,"minecraft:damage_dealt_resisted":223,"minecraft:leave_game":8,"minecraft:time_since_death":703782,"minecraft:climb_one_cm":17715,"minecraft:sprint_one_cm":357876,"minecraft:walk_one_cm":1232669,"minecraft:drop":61,"minecraft:talked_to_villager":1,"minecraft:interact_with_blast_furnace":1,"minecraft:play_time":703782,"minecraft:walk_under_water_one_cm":12032,"minecraft:sneak_time":45859,"minecraft:boat_one_cm":12882,"minecraft:interact_with_lectern":8,"minecraft:jump":5045,"minecraft:walk_on_water_one_cm":1624,"minecraft:enchant_item":1,"minecraft:total_world_time":703782,"minecraft:tune_noteblock":5,"minecraft:interact_with_loom":1,"minecraft:time_since_rest":703782,"minecraft:damage_taken":225,"minecraft:damage_dealt":9032,"minecraft:swim_one_cm":2027,"minecraft:fly_one_cm":4274239,"minecraft:open_chest":9,"minecraft:crouch_one_cm":112232,"tombstone:undead_killed":11,"minecraft:aviate_one_cm":25050,"tombstone:villager_killed":3,"minecraft:fall_one_cm":3876},"minecraft:picked_up":{"minecraft:wooden_axe":1,"fantasyfurniture:bone/wither/carpet":1,"minecraft:wheat":2,"iceandfire:troll_weapon_hammer":1,"born_in_chaos_v1:seedof_chaos":1,"minecraft:lead":2,"justenoughdrugz:lean":21,"minecraft:enchanted_book":4,"fantasyfurniture:nordic/shelf":1,"minecraft:string":12,"minecraft:oak_hanging_sign":1,"irons_spellbooks:arcane_essence":2,"farmersdelight:beef_patty":3,"minecraft:written_book":2,"justenoughdrugz:weed_seed":2,"minecraft:egg":17,"spanishdelight:brava_potatoes":3,"born_in_chaos_v1:shattered_skull":3,"iceandfire:troll_tusk":2,"minecraft:torch":9,"justenoughdrugz:cocaine_baggie":7655,"tombstone:grave_dust":3,"minecraft:trident":1,"borninchaosdelight:mint_cookie":64,"farmersdelight:fried_egg":1,"minecraft:rotten_flesh":4,"orcz:orcshroom":4,"fantasyfurniture:nordic/carpet":1,"spanishdelight:croquettes":3,"spanishdelight:churro":3,"born_in_chaos_v1:corpse_maggot":3,"tombstone:easter_egg":8,"orcz:orcteeth":3,"born_in_chaos_v1:monster_flesh":3,"minecraft:leather":3,"iceandfire:troll_leather_mountain":13,"farmersdelight:bacon":123,"spanishdelight:gazpacho":3,"justenoughdrugz:heroin_syringe":2046,"farmersdelight:cooked_bacon":13,"farmersdelight:salmon_slice":6,"minecraft:gunpowder":134,"minecraft:red_carpet":2,"born_in_chaos_v1:monster_skin":1,"wardrobe:taiga_boots":1,"minecraft:bone":5,"twilightforest:canopy_door":3,"supplementaries:cannonball":2,"born_in_chaos_v1:spider_mandible":1,"minecraft:stone_bricks":6,"farmersdelight:full_tatami_mat":3,"born_in_chaos_v1:ethereal_spirit":3,"orcz:orcagaric":2,"minecraft:gravel":4,"iceandfire:shiny_scales":2,"born_in_chaos_v1:dark_rod":1,"orcz:blue_orcshroom":2,"minecraft:spider_eye":3,"fantasyfurniture:nordic/painting_wide":1,"spanishdelight:spanish_tortilla":3,"supplementaries:cannon":1,"fantasyfurniture:venthyr/wardrobe_bottom":1,"minecraft:emerald":2,"alexsmobs:maggot":1,"minecraft:coal":351},"minecraft:used":{"fantasyfurniture:venthyr/wardrobe_top":3,"fantasyfurniture:royal/shelf":2,"fantasyfurniture:necrolord/chest":1,"twilightforest:canopy_bookshelf":30,"farmersdelight:onion_crate":41,"minecraft:ladder":1,"minecraft:iron_bars":10,"minecraft:writable_book":1,"fantasyfurniture:decorations/venthyr_tea_set":1,"backpacked:cherry_backpack_shelf":8,"minecraft:enchanting_table":3,"fantasyfurniture:decorations/royal_wall_mirror_large":1,"magistuarmory:netherite_ranseur":7,"minecraft:flint_and_steel":99,"fantasyfurniture:dunmer/painting_wide":16,"farmersdelight:hanging_canvas_sign":4,"fantasyfurniture:bone/skeleton/sofa":2,"smallships:cherry_brigg":1,"minecraft:armor_stand":33,"farmersdelight:cherry_cabinet":1,"minecraft:spruce_slab":385,"fantasyfurniture:necrolord/oven":1,"fantasyfurniture:nordic/counter":5,"minecraft:oak_sign":2,"minecraft:spruce_planks":7,"minecraft:black_carpet":62,"twilightforest:glass_sword":45,"minecraft:chest":75,"farmersdelight:stove":30,"fantasyfurniture:nordic/floor_light":7,"supplementaries:blackstone_tile_stairs":120,"farmersdelight:rice_bag":55,"securitycraft:reinforced_red_carpet":41,"mca:black_spruce_crib":1,"securitycraft:reinforced_bookshelf":134,"minecraft:stick":10,"minecraft:torch":2,"fantasyfurniture:nordic/painting_wide":9,"fantasyfurniture:bone/wither/sofa":2,"born_in_chaos_v1:scorched_planks_stairs":8,"fantasyfurniture:necrolord/wardrobe_bottom":2,"fantasyfurniture:royal/chair":4,"fantasyfurniture:decorations/royal_platter":14,"fantasyfurniture:royal/floor_light":6,"minecraft:white_carpet":22,"graveyard:vase_block":18,"brewinandchewin:ice_crate":65,"fantasyfurniture:bone/wither/oven":15,"farmersdelight:carrot_crate":21,"minecraft:spruce_stairs":9,"minecraft:cobblestone_wall":5,"fantasyfurniture:bone/wither/painting_wide":3,"backpacked:spruce_backpack_shelf":7,"farmersdelight:bacon":1,"twilightforest:sorting_door":8,"minecraft:spruce_fence":43,"minecraft:snowball":104,"fantasyfurniture:dunmer/cushion":2,"farmersdelight:rope":2,"fantasyfurniture:decorations/brewing_cauldron":2,"cataclysm:azure_seastone_fence":4,"fantasyfurniture:venthyr/wall_light":5,"fantasyfurniture:nordic/wardrobe_bottom":9,"minecraft:stone_brick_slab":77,"minecraft:wooden_axe":3,"minecraft:packed_ice":32,"fantasyfurniture:decorations/venthyr_food_1":2,"minecraft:lava_bucket":12,"minecraft:stripped_dark_oak_wood":196,"minecraft:bookshelf":88,"borninchaosdelight:coffee_candy_stew":4,"twilightforest:iron_ladder":8,"minecraft:black_stained_glass_pane":35,"minecraft:spruce_wood":48,"fantasyfurniture:nordic/bookshelf":15,"minecraft:iron_block":326,"minecraft:oak_stairs":14,"fantasyfurniture:venthyr/wardrobe_bottom":1,"farmersdelight:rice_bale":18,"twilightforest:canopy_fence":11,"minecraft:dark_oak_slab":955,"fantasyfurniture:venthyr/floor_light":5,"farmersdelight:beetroot_crate":19,"fantasyfurniture:dunmer/chair":1,"farmersdelight:cabbage_crate":36,"minecraft:barrel":42,"twilightforest:canopy_door":9,"minecraft:stone_bricks":82,"minecraft:item_frame":1,"minecraft:smooth_basalt":7,"minecraft:furnace":19,"fantasyfurniture:dunmer/chandelier":3,"fantasyfurniture:necrolord/carpet":33,"fantasyfurniture:venthyr/lockbox":5,"minecraft:basalt":6,"farmersdelight:basket":1,"fantasyfurniture:nordic/chandelier":2,"minecraft:red_carpet":17,"fantasyfurniture:venthyr/painting_wide":4,"farmersdelight:cutting_board":6,"fantasyfurniture:decorations/tankards_milk":10,"twilightforest:magic_painting":4,"fantasyfurniture:decorations/royal_food_1":1,"minecraft:emerald_block":2037,"fantasyfurniture:venthyr/drawer":4,"minecraft:written_book":2,"fantasyfurniture:nordic/chest":66,"magistuarmory:heavy_crossbow":2,"fantasyfurniture:decorations/cookie_jar":2,"magistuarmory:netherite_flamebladedsword":9,"fantasyfurniture:dunmer/drawer":2,"farmersdelight:safety_net":7,"farmersdelight:cooking_pot":12,"cataclysm:ancient_spear":3,"mca:jeweler_workbench":1,"twilightforest:canopy_trapdoor":62,"tombstone:gift":10,"supplementaries:statue":6,"fantasyfurniture:dunmer/wall_light":25,"supplementaries:wicker_fence":11,"brewinandchewin:heating_cask":36,"farmersdelight:potato_crate":21,"fantasyfurniture:decorations/spider_web_small":9,"farmersdelight:full_tatami_mat":1,"fantasyfurniture:decorations/venthyr_candles":3,"justenoughdrugz:flask_item":1,"minecraft:dark_oak_stairs":41,"fantasyfurniture:nordic/shelf":106,"fantasyfurniture:venthyr/bed_double":3,"minecraft:mangrove_wood":16,"minecraft:dirt_path":2,"farmersdelight:skillet":17,"fantasyfurniture:dunmer/sofa":20,"minecraft:spruce_door":3,"brewinandchewin:ham_and_cheese_sandwich":2,"minecraft:snow_block":379,"farmersdelight:tomato_crate":29,"fantasyfurniture:decorations/floating_tomes":3,"minecraft:oak_planks":2,"securitycraft:reinforced_white_glazed_terracotta":3,"born_in_chaos_v1:scorched_planks_door":3,"fantasyfurniture:venthyr/chest":52,"fantasyfurniture:decorations/muffins_sweetberry":10,"fantasyfurniture:venthyr/door_double":2,"fantasyfurniture:nordic/table_small":8,"fantasyfurniture:nordic/wall_light":117,"fantasyfurniture:nordic/carpet":165,"fantasyfurniture:venthyr/carpet":16,"farmersdelight:dark_oak_cabinet":1,"orcz:orc_wood_slab":831,"farmersdelight:organic_compost":1,"minecraft:jungle_wood":1,"minecraft:diamond_block":1,"brewinandchewin:coaster":1,"minecraft:dark_oak_trapdoor":32,"minecraft:glow_item_frame":5,"fantasyfurniture:nordic/table_wide":2,"fantasyfurniture:nordic/bed_double":5,"fantasyfurniture:decorations/stocking":1,"fantasyfurniture:dunmer/floor_light":7,"fantasyfurniture:venthyr/dresser":4,"minecraft:oak_slab":80,"orcz:orc_wood_fence":6,"fantasyfurniture:royal/sofa":2,"brewinandchewin:keg":180,"mca:female_villager_spawn_egg":3,"minecraft:blast_furnace":19,"domesticationinnovation:pet_bed_yellow":1,"born_in_chaos_v1:creepy_nutcracker":3,"minecraft:blue_ice":28,"minecraft:netherite_helmet":1,"fantasyfurniture:bone/wither/carpet":79,"fantasyfurniture:venthyr/cushion":3,"minecraft:painting":26,"fantasyfurniture:nordic/sofa":19,"fantasyfurniture:royal/bookshelf":5,"brewinandchewin:bloody_mary":2,"dramaticdoors:short_bamboo_door":1,"mca:black_dark_oak_crib":1,"graveyard:hanged_skeleton":10,"fantasyfurniture:decorations/venthyr_food_0":2,"fantasyfurniture:venthyr/bookshelf":5,"minecraft:mud":14,"tombstone:easter_egg":4,"fantasyfurniture:nordic/oven":23,"twilightforest:mining_trapdoor":13,"fantasyfurniture:nordic/table_large":1,"fantasyfurniture:nordic/wardrobe_top":3,"dramaticdoors:tall_canopy_door":1,"fantasyfurniture:decorations/paper_stack":5,"fantasyfurniture:venthyr/shelf":56,"fantasyfurniture:nordic/chair":8,"fantasyfurniture:dunmer/table_wide":7,"minecraft:lectern":2,"fantasyfurniture:nordic/drawer":8,"fantasyfurniture:decorations/fairy_lights_1":4,"justenoughdrugz:lean":1,"minecraft:spruce_trapdoor":214,"supplementaries:cannon":2,"fantasyfurniture:venthyr/table_wide_fancy":2,"fantasyfurniture:dunmer/stool":6,"fantasyfurniture:royal/bed_double":2,"fantasyfurniture:nordic/lockbox":9,"fantasyfurniture:venthyr/bench":14,"domesticationinnovation:pet_bed_purple":2,"fantasyfurniture:decorations/venthyr_banner":11,"fantasyfurniture:nordic/bench":22,"minecraft:diamond_sword":2,"fantasyfurniture:venthyr/oven":13,"farmersdelight:straw_bale":28,"minecraft:cobblestone":2,"fantasyfurniture:nordic/bed_single":3,"fantasyfurniture:royal/wardrobe_bottom":1,"fantasyfurniture:venthyr/sofa":14,"fantasyfurniture:decorations/gravestone":1,"farmersdelight:spruce_cabinet":9,"fantasyfurniture:decorations/spider_web_wide":1,"born_in_chaos_v1:scorched_planks_trapdoor":15,"fantasyfurniture:decorations/coin_stack_gold":5,"mca:gray_dark_oak_crib":24,"fantasyfurniture:dunmer/chest":3,"fantasyfurniture:decorations/bone_candles":2,"fantasyfurniture:dunmer/wardrobe_top":2,"fantasyfurniture:venthyr/chair":2,"minecraft:oak_hanging_sign":10,"fantasyfurniture:decorations/hanging_herbs":2,"fantasyfurniture:decorations/book_stack":33,"domesticationinnovation:pet_bed_brown":4,"supplementaries:wind_vane":1},"minecraft:dropped":{"born_in_chaos_v1:shattered_skull":1,"fantasyfurniture:venthyr/wardrobe_bottom":1,"farmersdelight:full_tatami_mat":2,"justenoughdrugz:heroin_syringe":796,"minecraft:coal":64,"minecraft:red_carpet":2,"minecraft:bone":1,"twilightforest:canopy_door":2,"born_in_chaos_v1:ethereal_spirit":1,"fantasyfurniture:nordic/shelf":1,"justenoughdrugz:cocaine_baggie":1152,"justenoughdrugz:lean":13,"tombstone:easter_egg":4,"justenoughdrugz:empty_pill_bottle":1,"fantasyfurniture:nordic/painting_wide":1,"minecraft:written_book":1,"borninchaosdelight:mint_cookie":64}},"DataVersion":3465}