{"stats":{"minecraft:custom":{"minecraft:open_barrel":13,"minecraft:leave_game":8,"minecraft:time_since_death":733782,"minecraft:sprint_one_cm":375911,"minecraft:drop":62,"minecraft:talked_to_villager":1,"minecraft:play_time":733782,"minecraft:jump":5273,"minecraft:walk_on_water_one_cm":1624,"minecraft:enchant_item":1,"minecraft:interact_with_furnace":2,"minecraft:interact_with_loom":1,"minecraft:damage_dealt":9632,"minecraft:crouch_one_cm":117633,"tombstone:undead_killed":15,"tombstone:villager_killed":3,"minecraft:mob_kills":63,"minecraft:damage_dealt_resisted":223,"minecraft:climb_one_cm":17715,"minecraft:walk_one_cm":1318656,"minecraft:sneak_time":47389,"minecraft:walk_under_water_one_cm":12032,"minecraft:interact_with_lectern":8,"minecraft:boat_one_cm":12882,"minecraft:interact_with_blast_furnace":2,"minecraft:total_world_time":733782,"minecraft:tune_noteblock":5,"minecraft:time_since_rest":733782,"minecraft:damage_taken":225,"minecraft:fly_one_cm":4455019,"minecraft:swim_one_cm":2027,"minecraft:open_chest":9,"minecraft:aviate_one_cm":25050,"minecraft:fall_one_cm":3876},"minecraft:killed":{"graveyard:skeleton_creeper":1,"minecraft:skeleton":1,"realmrpg_demons:chort":3,"orcz:goblinsavagemace":2,"minecraft:creeper":9,"minecraft:trader_llama":2,"minecraft:zombie":5,"born_in_chaos_v1:dread_hound":3,"born_in_chaos_v1:corpse_fly":2,"alexsmobs:fly":1,"orcz:snot":12,"born_in_chaos_v1:maggot":2,"born_in_chaos_v1:baby_spider":1,"iceandfire:hippocampus":1,"born_in_chaos_v1:spiritof_chaos":1,"born_in_chaos_v1:baby_skeleton":4,"iceandfire:troll":4,"minecraft:wandering_trader":1,"born_in_chaos_v1:decrepit_skeleton":3,"born_in_chaos_v1:decaying_zombie":1,"born_in_chaos_v1:dark_vortex":1,"mca:female_villager":2,"orcz:goblin_2sword":1},"minecraft:picked_up":{"minecraft:wooden_axe":1,"fantasyfurniture:bone/wither/carpet":1,"minecraft:wheat":2,"iceandfire:troll_weapon_hammer":1,"minecraft:lead":2,"justenoughdrugz:lean":21,"minecraft:enchanted_book":4,"minecraft:string":12,"minecraft:oak_hanging_sign":1,"irons_spellbooks:arcane_essence":2,"minecraft:written_book":2,"born_in_chaos_v1:shattered_skull":3,"minecraft:torch":9,"tombstone:grave_dust":3,"farmersdelight:fried_egg":1,"minecraft:rotten_flesh":6,"twilightforest:canopy_trapdoor":1,"orcz:orcshroom":4,"fantasyfurniture:nordic/carpet":1,"spanishdelight:churro":3,"tombstone:easter_egg":8,"orcz:orcteeth":3,"farmersdelight:bacon":123,"farmersdelight:cooked_bacon":13,"orcz:orc_wood_slab":1,"born_in_chaos_v1:monster_skin":1,"minecraft:bone":8,"twilightforest:canopy_door":3,"wardrobe:taiga_boots":1,"orcz:orcagaric":2,"iceandfire:shiny_scales":2,"orcz:blue_orcshroom":2,"supplementaries:cannon":1,"minecraft:emerald":2,"alexsmobs:maggot":1,"born_in_chaos_v1:seedof_chaos":1,"fantasyfurniture:nordic/shelf":1,"farmersdelight:beef_patty":3,"justenoughdrugz:weed_seed":2,"minecraft:egg":17,"spanishdelight:brava_potatoes":3,"iceandfire:troll_tusk":2,"justenoughdrugz:cocaine_baggie":7655,"minecraft:trident":1,"borninchaosdelight:mint_cookie":64,"spanishdelight:croquettes":3,"born_in_chaos_v1:corpse_maggot":3,"born_in_chaos_v1:monster_flesh":3,"minecraft:leather":3,"iceandfire:troll_leather_mountain":13,"spanishdelight:gazpacho":3,"justenoughdrugz:heroin_syringe":2046,"farmersdelight:salmon_slice":6,"minecraft:gunpowder":134,"minecraft:red_carpet":2,"supplementaries:cannonball":2,"born_in_chaos_v1:spider_mandible":1,"minecraft:stone_bricks":6,"farmersdelight:full_tatami_mat":3,"born_in_chaos_v1:ethereal_spirit":3,"minecraft:gravel":4,"born_in_chaos_v1:dark_rod":1,"minecraft:spider_eye":3,"fantasyfurniture:nordic/painting_wide":1,"spanishdelight:spanish_tortilla":3,"fantasyfurniture:venthyr/wardrobe_bottom":1,"minecraft:coal":1439},"minecraft:used":{"domesticationinnovation:pet_bed_brown":4,"fantasyfurniture:royal/shelf":2,"fantasyfurniture:necrolord/chest":1,"farmersdelight:onion_crate":41,"minecraft:writable_book":1,"graveyard:laterally_lying_skeleton":10,"farmersdelight:hanging_canvas_sign":4,"born_in_chaos_v1:lifestealer_skull":1,"graveyard:creeper_skeleton":1,"minecraft:spruce_slab":389,"farmersdelight:cherry_cabinet":1,"backpacked:cherry_backpack_shelf":8,"minecraft:ladder":1,"minecraft:oak_sign":2,"minecraft:black_carpet":62,"farmersdelight:stove":30,"minecraft:chest":75,"fantasyfurniture:nordic/floor_light":7,"supplementaries:blackstone_tile_stairs":120,"born_in_chaos_v1:scorched_planks_stairs":8,"fantasyfurniture:royal/floor_light":6,"graveyard:vase_block":18,"fantasyfurniture:necrolord/wardrobe_bottom":2,"backpacked:spruce_backpack_shelf":7,"orcz:scrapplatewall":14,"minecraft:snowball":104,"fantasyfurniture:decorations/brewing_cauldron":2,"fantasyfurniture:dunmer/cushion":2,"fantasyfurniture:nordic/wardrobe_bottom":9,"realmrpg_skeletons:burnt_skeleton":4,"minecraft:packed_ice":32,"fantasyfurniture:decorations/venthyr_food_1":2,"minecraft:lava_bucket":12,"minecraft:stripped_dark_oak_wood":196,"fantasyfurniture:nordic/bookshelf":15,"minecraft:spruce_wood":48,"minecraft:black_stained_glass_pane":35,"fantasyfurniture:venthyr/wardrobe_bottom":1,"farmersdelight:rice_bale":18,"farmersdelight:beetroot_crate":19,"minecraft:dark_oak_slab":955,"fantasyfurniture:dunmer/chair":1,"minecraft:stone_bricks":82,"minecraft:item_frame":1,"fantasyfurniture:dunmer/chandelier":3,"fantasyfurniture:venthyr/lockbox":5,"born_in_chaos_v1:nightmare_stalker_skull":1,"fantasyfurniture:necrolord/carpet":33,"minecraft:red_carpet":17,"fantasyfurniture:nordic/chandelier":2,"farmersdelight:cutting_board":6,"realmrpg_skeletons:headache_skeleton":1,"fantasyfurniture:venthyr/drawer":4,"minecraft:written_book":2,"realmrpg_skeletons:skeleton_from_the_sky":3,"minecraft:furnace":53,"fantasyfurniture:decorations/cookie_jar":2,"farmersdelight:safety_net":7,"fantasyfurniture:dunmer/drawer":2,"twilightforest:canopy_trapdoor":62,"brewinandchewin:heating_cask":36,"supplementaries:wicker_fence":11,"farmersdelight:full_tatami_mat":1,"fantasyfurniture:nordic/shelf":106,"minecraft:dark_oak_stairs":41,"fantasyfurniture:dunmer/sofa":20,"minecraft:spruce_door":3,"minecraft:oak_planks":2,"securitycraft:reinforced_white_glazed_terracotta":3,"fantasyfurniture:venthyr/door_double":2,"fantasyfurniture:nordic/wall_light":117,"fantasyfurniture:nordic/table_small":8,"fantasyfurniture:nordic/carpet":165,"orcz:orc_wood_slab":861,"farmersdelight:organic_compost":1,"fantasyfurniture:decorations/stocking":1,"minecraft:dark_oak_trapdoor":32,"brewinandchewin:coaster":1,"fantasyfurniture:nordic/table_wide":2,"fantasyfurniture:venthyr/dresser":4,"fantasyfurniture:dunmer/floor_light":7,"realmrpg_skeletons:lucky_skeleton":3,"orcz:orc_wood_fence":6,"fantasyfurniture:royal/sofa":2,"mca:female_villager_spawn_egg":3,"minecraft:blast_furnace":38,"minecraft:blue_ice":28,"minecraft:netherite_helmet":1,"fantasyfurniture:bone/wither/carpet":79,"mca:black_dark_oak_crib":1,"dramaticdoors:short_bamboo_door":1,"fantasyfurniture:venthyr/bookshelf":5,"realmrpg_skeletons:rookie_skeleton":1,"fantasyfurniture:decorations/venthyr_food_0":2,"deeperdarker:polished_gloomslate":7,"graveyard:hanged_skeleton":14,"tombstone:easter_egg":4,"orcz:bedroll":4,"fantasyfurniture:nordic/oven":47,"graveyard:skull_pile":1,"fantasyfurniture:nordic/table_large":1,"fantasyfurniture:decorations/paper_stack":5,"fantasyfurniture:venthyr/shelf":56,"minecraft:barrier":50,"fantasyfurniture:nordic/chair":8,"minecraft:lectern":2,"fantasyfurniture:nordic/drawer":8,"fantasyfurniture:decorations/fairy_lights_1":4,"supplementaries:cannon":2,"fantasyfurniture:venthyr/table_wide_fancy":2,"domesticationinnovation:pet_bed_purple":2,"fantasyfurniture:venthyr/bench":14,"fantasyfurniture:venthyr/oven":18,"fantasyfurniture:nordic/bench":22,"minecraft:diamond_sword":2,"farmersdelight:straw_bale":28,"farmersdelight:spruce_cabinet":9,"fantasyfurniture:decorations/spider_web_wide":1,"mca:gray_dark_oak_crib":24,"born_in_chaos_v1:scorched_planks_trapdoor":15,"minecraft:oak_hanging_sign":10,"fantasyfurniture:venthyr/chair":2,"fantasyfurniture:dunmer/wardrobe_top":2,"fantasyfurniture:decorations/book_stack":33,"supplementaries:wind_vane":1,"fantasyfurniture:venthyr/wardrobe_top":3,"twilightforest:canopy_bookshelf":30,"graveyard:skull_on_pike":4,"minecraft:enchanting_table":3,"fantasyfurniture:decorations/venthyr_tea_set":1,"minecraft:iron_bars":10,"minecraft:flint_and_steel":99,"fantasyfurniture:dunmer/painting_wide":16,"fantasyfurniture:decorations/royal_wall_mirror_large":1,"fantasyfurniture:bone/skeleton/sofa":2,"magistuarmory:netherite_ranseur":7,"minecraft:armor_stand":33,"smallships:cherry_brigg":1,"graveyard:wither_bone_remains":1,"fantasyfurniture:nordic/counter":5,"fantasyfurniture:necrolord/oven":1,"orcz:cageblock":2,"twilightforest:glass_sword":49,"minecraft:spruce_planks":7,"farmersdelight:rice_bag":55,"realmrpg_skeletons:shot_skeleton":4,"securitycraft:reinforced_red_carpet":41,"mca:black_spruce_crib":1,"securitycraft:reinforced_bookshelf":134,"minecraft:stick":10,"minecraft:torch":2,"fantasyfurniture:nordic/painting_wide":9,"fantasyfurniture:bone/wither/sofa":2,"fantasyfurniture:royal/chair":4,"minecraft:white_carpet":22,"fantasyfurniture:decorations/royal_platter":14,"brewinandchewin:ice_crate":65,"fantasyfurniture:bone/wither/oven":25,"realmrpg_skeletons:unsaved_skeleton":2,"farmersdelight:carrot_crate":21,"minecraft:spruce_stairs":9,"minecraft:cobblestone_wall":5,"fantasyfurniture:bone/wither/painting_wide":3,"farmersdelight:bacon":1,"twilightforest:sorting_door":8,"minecraft:spruce_fence":43,"graveyard:hanged_wither_skeleton":3,"cataclysm:azure_seastone_fence":4,"farmersdelight:rope":2,"fantasyfurniture:venthyr/wall_light":5,"graveyard:wither_skull_on_pike":5,"minecraft:stone_brick_slab":77,"minecraft:wooden_axe":3,"minecraft:bookshelf":88,"twilightforest:iron_ladder":8,"borninchaosdelight:coffee_candy_stew":4,"minecraft:iron_block":326,"minecraft:oak_stairs":14,"fantasyfurniture:venthyr/floor_light":5,"twilightforest:canopy_fence":11,"farmersdelight:cabbage_crate":36,"twilightforest:canopy_door":9,"minecraft:barrel":42,"graveyard:wither_skull_pile":2,"minecraft:smooth_basalt":7,"minecraft:basalt":6,"fantasyfurniture:venthyr/painting_wide":4,"farmersdelight:basket":1,"fantasyfurniture:decorations/tankards_milk":10,"minecraft:emerald_block":2037,"fantasyfurniture:nordic/chest":66,"twilightforest:magic_painting":4,"fantasyfurniture:decorations/royal_food_1":1,"magistuarmory:netherite_flamebladedsword":9,"magistuarmory:heavy_crossbow":2,"farmersdelight:cooking_pot":12,"cataclysm:ancient_spear":3,"mca:jeweler_workbench":1,"tombstone:gift":10,"fantasyfurniture:dunmer/wall_light":25,"supplementaries:statue":6,"farmersdelight:potato_crate":21,"fantasyfurniture:decorations/spider_web_small":9,"fantasyfurniture:decorations/venthyr_candles":3,"justenoughdrugz:flask_item":1,"fantasyfurniture:venthyr/bed_double":3,"minecraft:mangrove_wood":16,"minecraft:dirt_path":2,"minecraft:snow_block":379,"farmersdelight:skillet":17,"brewinandchewin:ham_and_cheese_sandwich":2,"farmersdelight:tomato_crate":29,"fantasyfurniture:decorations/floating_tomes":3,"fantasyfurniture:venthyr/chest":52,"fantasyfurniture:decorations/muffins_sweetberry":10,"born_in_chaos_v1:scorched_planks_door":3,"realmrpg_skeletons:dragon_burnt_skeleton":3,"fantasyfurniture:venthyr/carpet":16,"farmersdelight:dark_oak_cabinet":1,"minecraft:glow_item_frame":5,"minecraft:jungle_wood":1,"fantasyfurniture:nordic/bed_double":5,"minecraft:diamond_block":1,"graveyard:skull_with_rib_cage":1,"minecraft:oak_slab":80,"brewinandchewin:keg":180,"domesticationinnovation:pet_bed_yellow":1,"born_in_chaos_v1:creepy_nutcracker":3,"fantasyfurniture:venthyr/cushion":3,"minecraft:painting":26,"fantasyfurniture:nordic/sofa":19,"fantasyfurniture:royal/bookshelf":5,"brewinandchewin:bloody_mary":2,"minecraft:mud":15,"twilightforest:mining_trapdoor":13,"dramaticdoors:tall_canopy_door":1,"fantasyfurniture:nordic/wardrobe_top":3,"fantasyfurniture:dunmer/table_wide":7,"justenoughdrugz:lean":1,"minecraft:spruce_trapdoor":214,"fantasyfurniture:dunmer/stool":6,"fantasyfurniture:royal/bed_double":2,"fantasyfurniture:nordic/lockbox":9,"fantasyfurniture:decorations/venthyr_banner":11,"minecraft:cobblestone":2,"fantasyfurniture:royal/wardrobe_bottom":1,"fantasyfurniture:nordic/bed_single":3,"fantasyfurniture:venthyr/sofa":14,"fantasyfurniture:decorations/gravestone":1,"realmrpg_skeletons:duelist_skeleton":6,"fantasyfurniture:decorations/coin_stack_gold":5,"fantasyfurniture:dunmer/chest":3,"fantasyfurniture:decorations/bone_candles":2,"fantasyfurniture:decorations/hanging_herbs":2},"minecraft:dropped":{"fantasyfurniture:venthyr/wardrobe_bottom":1,"minecraft:red_carpet":2,"minecraft:bone":1,"born_in_chaos_v1:ethereal_spirit":1,"orcz:bedroll":1,"justenoughdrugz:cocaine_baggie":1152,"tombstone:easter_egg":4,"fantasyfurniture:nordic/painting_wide":1,"minecraft:written_book":1,"borninchaosdelight:mint_cookie":64,"born_in_chaos_v1:shattered_skull":1,"farmersdelight:full_tatami_mat":2,"justenoughdrugz:heroin_syringe":796,"minecraft:coal":64,"twilightforest:canopy_door":2,"fantasyfurniture:nordic/shelf":1,"justenoughdrugz:lean":13,"justenoughdrugz:empty_pill_bottle":1}},"DataVersion":3465}