{"stats":{"minecraft:dropped":{"born_in_chaos_v1:shattered_skull":1,"fantasyfurniture:venthyr/wardrobe_bottom":1,"minecraft:bone":1,"born_in_chaos_v1:ethereal_spirit":1,"tombstone:easter_egg":4,"justenoughdrugz:empty_pill_bottle":1,"fantasyfurniture:nordic/painting_wide":1,"minecraft:written_book":1},"minecraft:custom":{"minecraft:mob_kills":6,"minecraft:open_barrel":4,"minecraft:damage_dealt_resisted":199,"minecraft:leave_game":5,"minecraft:time_since_death":445612,"minecraft:climb_one_cm":16351,"minecraft:sprint_one_cm":219296,"minecraft:walk_one_cm":741713,"minecraft:drop":11,"minecraft:talked_to_villager":1,"minecraft:walk_under_water_one_cm":11050,"minecraft:play_time":445612,"minecraft:sneak_time":26352,"minecraft:interact_with_lectern":8,"minecraft:jump":3029,"minecraft:walk_on_water_one_cm":1392,"minecraft:total_world_time":445612,"minecraft:tune_noteblock":5,"minecraft:interact_with_loom":1,"minecraft:time_since_rest":445612,"minecraft:damage_taken":225,"minecraft:damage_dealt":1552,"minecraft:swim_one_cm":2027,"minecraft:fly_one_cm":2730575,"minecraft:open_chest":6,"minecraft:crouch_one_cm":55842,"tombstone:undead_killed":2,"tombstone:villager_killed":2,"minecraft:fall_one_cm":3667},"minecraft:picked_up":{"fantasyfurniture:bone/wither/carpet":1,"born_in_chaos_v1:seedof_chaos":1,"minecraft:string":11,"minecraft:oak_hanging_sign":1,"irons_spellbooks:arcane_essence":2,"spanishdelight:brava_potatoes":3,"minecraft:egg":17,"born_in_chaos_v1:shattered_skull":2,"minecraft:torch":6,"justenoughdrugz:cocaine_baggie":4416,"tombstone:grave_dust":2,"minecraft:trident":1,"farmersdelight:fried_egg":1,"minecraft:rotten_flesh":4,"fantasyfurniture:nordic/carpet":1,"spanishdelight:croquettes":3,"spanishdelight:churro":3,"tombstone:easter_egg":5,"spanishdelight:gazpacho":3,"farmersdelight:salmon_slice":6,"minecraft:bone":3,"wardrobe:taiga_boots":1,"born_in_chaos_v1:spider_mandible":1,"born_in_chaos_v1:ethereal_spirit":2,"minecraft:gravel":4,"minecraft:spider_eye":3,"fantasyfurniture:nordic/painting_wide":1,"spanishdelight:spanish_tortilla":3,"fantasyfurniture:venthyr/wardrobe_bottom":1,"minecraft:coal":28},"minecraft:killed":{"realmrpg_demons:chort":1,"born_in_chaos_v1:spiritof_chaos":1,"born_in_chaos_v1:decrepit_skeleton":2,"mca:female_villager":2},"minecraft:used":{"fantasyfurniture:venthyr/wardrobe_top":3,"domesticationinnovation:pet_bed_brown":4,"supplementaries:wind_vane":1,"farmersdelight:onion_crate":6,"fantasyfurniture:decorations/venthyr_tea_set":1,"minecraft:writable_book":1,"minecraft:iron_bars":10,"minecraft:flint_and_steel":1,"fantasyfurniture:dunmer/painting_wide":16,"fantasyfurniture:decorations/royal_wall_mirror_large":1,"farmersdelight:hanging_canvas_sign":4,"fantasyfurniture:bone/skeleton/sofa":2,"minecraft:armor_stand":4,"farmersdelight:cherry_cabinet":1,"backpacked:cherry_backpack_shelf":8,"fantasyfurniture:nordic/counter":5,"fantasyfurniture:necrolord/oven":1,"minecraft:black_carpet":62,"twilightforest:glass_sword":2,"minecraft:spruce_planks":7,"farmersdelight:stove":16,"fantasyfurniture:nordic/floor_light":7,"farmersdelight:rice_bag":34,"securitycraft:reinforced_red_carpet":41,"mca:black_spruce_crib":1,"minecraft:stick":10,"minecraft:torch":1,"fantasyfurniture:nordic/painting_wide":9,"fantasyfurniture:bone/wither/sofa":2,"fantasyfurniture:royal/chair":4,"fantasyfurniture:royal/floor_light":6,"graveyard:vase_block":18,"minecraft:white_carpet":18,"fantasyfurniture:necrolord/wardrobe_bottom":2,"fantasyfurniture:decorations/royal_platter":14,"brewinandchewin:ice_crate":11,"fantasyfurniture:bone/wither/oven":1,"farmersdelight:carrot_crate":5,"minecraft:spruce_stairs":9,"minecraft:cobblestone_wall":5,"fantasyfurniture:bone/wither/painting_wide":3,"backpacked:spruce_backpack_shelf":7,"twilightforest:sorting_door":8,"minecraft:snowball":104,"fantasyfurniture:dunmer/cushion":2,"fantasyfurniture:decorations/brewing_cauldron":2,"cataclysm:azure_seastone_fence":4,"farmersdelight:rope":2,"fantasyfurniture:nordic/wardrobe_bottom":9,"fantasyfurniture:venthyr/wall_light":5,"minecraft:stone_brick_slab":77,"minecraft:wooden_axe":3,"minecraft:packed_ice":31,"fantasyfurniture:decorations/venthyr_food_1":2,"minecraft:stripped_dark_oak_wood":73,"twilightforest:iron_ladder":8,"minecraft:black_stained_glass_pane":35,"fantasyfurniture:nordic/bookshelf":3,"minecraft:spruce_wood":48,"minecraft:oak_stairs":14,"fantasyfurniture:venthyr/wardrobe_bottom":1,"fantasyfurniture:venthyr/floor_light":5,"twilightforest:canopy_fence":11,"farmersdelight:rice_bale":7,"farmersdelight:beetroot_crate":5,"fantasyfurniture:dunmer/chair":1,"farmersdelight:cabbage_crate":13,"twilightforest:canopy_door":2,"minecraft:stone_bricks":78,"fantasyfurniture:dunmer/chandelier":3,"fantasyfurniture:venthyr/lockbox":5,"farmersdelight:basket":1,"fantasyfurniture:nordic/chandelier":2,"fantasyfurniture:necrolord/carpet":33,"minecraft:red_carpet":17,"fantasyfurniture:venthyr/painting_wide":4,"farmersdelight:cutting_board":3,"fantasyfurniture:decorations/tankards_milk":7,"minecraft:written_book":2,"fantasyfurniture:venthyr/drawer":4,"minecraft:emerald_block":2037,"fantasyfurniture:nordic/chest":20,"twilightforest:magic_painting":4,"fantasyfurniture:decorations/royal_food_1":1,"fantasyfurniture:dunmer/drawer":2,"farmersdelight:safety_net":7,"magistuarmory:heavy_crossbow":2,"farmersdelight:cooking_pot":4,"mca:jeweler_workbench":1,"twilightforest:canopy_trapdoor":36,"fantasyfurniture:dunmer/wall_light":25,"supplementaries:statue":6,"supplementaries:wicker_fence":11,"farmersdelight:potato_crate":5,"fantasyfurniture:decorations/spider_web_small":9,"farmersdelight:full_tatami_mat":1,"fantasyfurniture:decorations/venthyr_candles":3,"fantasyfurniture:nordic/shelf":46,"minecraft:dark_oak_stairs":41,"fantasyfurniture:venthyr/bed_double":3,"fantasyfurniture:dunmer/sofa":20,"brewinandchewin:ham_and_cheese_sandwich":2,"minecraft:spruce_door":3,"farmersdelight:skillet":7,"minecraft:snow_block":97,"farmersdelight:tomato_crate":5,"fantasyfurniture:decorations/floating_tomes":3,"minecraft:oak_planks":2,"securitycraft:reinforced_white_glazed_terracotta":3,"fantasyfurniture:venthyr/chest":1,"fantasyfurniture:venthyr/door_double":2,"fantasyfurniture:decorations/muffins_sweetberry":4,"born_in_chaos_v1:scorched_planks_door":3,"fantasyfurniture:nordic/wall_light":15,"fantasyfurniture:nordic/table_small":8,"fantasyfurniture:nordic/carpet":165,"fantasyfurniture:venthyr/carpet":16,"farmersdelight:dark_oak_cabinet":1,"farmersdelight:organic_compost":1,"minecraft:dark_oak_trapdoor":32,"fantasyfurniture:nordic/bed_double":5,"fantasyfurniture:nordic/table_wide":2,"fantasyfurniture:decorations/stocking":1,"fantasyfurniture:dunmer/floor_light":1,"fantasyfurniture:venthyr/dresser":4,"minecraft:oak_slab":34,"fantasyfurniture:royal/sofa":2,"brewinandchewin:keg":68,"mca:female_villager_spawn_egg":3,"domesticationinnovation:pet_bed_yellow":1,"born_in_chaos_v1:creepy_nutcracker":3,"minecraft:blue_ice":28,"fantasyfurniture:bone/wither/carpet":79,"fantasyfurniture:venthyr/cushion":3,"minecraft:painting":18,"fantasyfurniture:nordic/sofa":19,"fantasyfurniture:royal/bookshelf":5,"dramaticdoors:short_bamboo_door":1,"brewinandchewin:bloody_mary":2,"graveyard:hanged_skeleton":10,"fantasyfurniture:decorations/venthyr_food_0":2,"fantasyfurniture:venthyr/bookshelf":3,"minecraft:mud":3,"tombstone:easter_egg":3,"fantasyfurniture:nordic/oven":15,"fantasyfurniture:nordic/table_large":1,"fantasyfurniture:nordic/wardrobe_top":3,"dramaticdoors:tall_canopy_door":1,"fantasyfurniture:decorations/paper_stack":3,"fantasyfurniture:nordic/chair":8,"fantasyfurniture:dunmer/table_wide":7,"minecraft:lectern":2,"fantasyfurniture:nordic/drawer":8,"fantasyfurniture:venthyr/table_wide_fancy":2,"fantasyfurniture:dunmer/stool":6,"fantasyfurniture:royal/bed_double":2,"fantasyfurniture:nordic/lockbox":9,"minecraft:diamond_sword":2,"domesticationinnovation:pet_bed_purple":2,"fantasyfurniture:venthyr/bench":14,"fantasyfurniture:nordic/bench":19,"fantasyfurniture:decorations/venthyr_banner":11,"fantasyfurniture:venthyr/oven":1,"minecraft:cobblestone":2,"fantasyfurniture:nordic/bed_single":3,"fantasyfurniture:royal/wardrobe_bottom":1,"fantasyfurniture:venthyr/sofa":14,"fantasyfurniture:decorations/gravestone":1,"farmersdelight:spruce_cabinet":9,"fantasyfurniture:decorations/spider_web_wide":1,"fantasyfurniture:decorations/coin_stack_gold":5,"mca:gray_dark_oak_crib":24,"fantasyfurniture:dunmer/chest":3,"fantasyfurniture:decorations/bone_candles":2,"fantasyfurniture:venthyr/chair":2,"fantasyfurniture:dunmer/wardrobe_top":2,"minecraft:oak_hanging_sign":10,"fantasyfurniture:decorations/hanging_herbs":2,"fantasyfurniture:decorations/book_stack":15,"fantasyfurniture:royal/shelf":2}},"DataVersion":3465}