{"stats":{"minecraft:killed":{"graveyard:skeleton_creeper":1,"born_in_chaos_v1:maggot":1,"born_in_chaos_v1:baby_spider":1,"minecraft:skeleton":1,"realmrpg_demons:chort":2,"iceandfire:hippocampus":1,"born_in_chaos_v1:spiritof_chaos":1,"born_in_chaos_v1:baby_skeleton":2,"orcz:goblinsavagemace":2,"iceandfire:troll":4,"minecraft:creeper":8,"born_in_chaos_v1:decrepit_skeleton":2,"minecraft:zombie":4,"born_in_chaos_v1:dread_hound":3,"born_in_chaos_v1:corpse_fly":2,"born_in_chaos_v1:dark_vortex":1,"mca:female_villager":2,"orcz:snot":12,"orcz:goblin_2sword":1},"minecraft:custom":{"minecraft:mob_kills":51,"minecraft:open_barrel":13,"minecraft:damage_dealt_resisted":211,"minecraft:leave_game":7,"minecraft:time_since_death":579641,"minecraft:climb_one_cm":16351,"minecraft:sprint_one_cm":292141,"minecraft:walk_one_cm":1003699,"minecraft:drop":12,"minecraft:talked_to_villager":1,"minecraft:walk_under_water_one_cm":12032,"minecraft:play_time":579641,"minecraft:sneak_time":36085,"minecraft:interact_with_lectern":8,"minecraft:jump":4015,"minecraft:walk_on_water_one_cm":1624,"minecraft:total_world_time":579641,"minecraft:tune_noteblock":5,"minecraft:interact_with_loom":1,"minecraft:time_since_rest":579641,"minecraft:damage_taken":225,"minecraft:damage_dealt":7812,"minecraft:swim_one_cm":2027,"minecraft:fly_one_cm":3496336,"minecraft:open_chest":9,"minecraft:crouch_one_cm":88023,"tombstone:undead_killed":10,"minecraft:aviate_one_cm":25050,"tombstone:villager_killed":2,"minecraft:fall_one_cm":3667},"minecraft:picked_up":{"fantasyfurniture:bone/wither/carpet":1,"minecraft:wheat":2,"iceandfire:troll_weapon_hammer":1,"born_in_chaos_v1:seedof_chaos":1,"minecraft:enchanted_book":4,"minecraft:string":12,"minecraft:oak_hanging_sign":1,"farmersdelight:beef_patty":3,"irons_spellbooks:arcane_essence":2,"justenoughdrugz:weed_seed":2,"minecraft:egg":17,"spanishdelight:brava_potatoes":3,"iceandfire:troll_tusk":2,"born_in_chaos_v1:shattered_skull":3,"minecraft:torch":8,"justenoughdrugz:cocaine_baggie":4416,"minecraft:trident":1,"tombstone:grave_dust":3,"farmersdelight:fried_egg":1,"minecraft:rotten_flesh":4,"orcz:orcshroom":4,"fantasyfurniture:nordic/carpet":1,"spanishdelight:croquettes":3,"spanishdelight:churro":3,"born_in_chaos_v1:corpse_maggot":2,"tombstone:easter_egg":6,"orcz:orcteeth":3,"born_in_chaos_v1:monster_flesh":3,"iceandfire:troll_leather_mountain":13,"farmersdelight:bacon":123,"spanishdelight:gazpacho":3,"farmersdelight:cooked_bacon":13,"farmersdelight:salmon_slice":6,"minecraft:gunpowder":6,"born_in_chaos_v1:monster_skin":1,"minecraft:bone":5,"wardrobe:taiga_boots":1,"born_in_chaos_v1:spider_mandible":1,"minecraft:stone_bricks":6,"born_in_chaos_v1:ethereal_spirit":3,"orcz:orcagaric":2,"minecraft:gravel":4,"iceandfire:shiny_scales":2,"orcz:blue_orcshroom":2,"born_in_chaos_v1:dark_rod":1,"minecraft:spider_eye":3,"fantasyfurniture:nordic/painting_wide":1,"spanishdelight:spanish_tortilla":3,"fantasyfurniture:venthyr/wardrobe_bottom":1,"minecraft:coal":350},"minecraft:used":{"domesticationinnovation:pet_bed_brown":4,"supplementaries:wind_vane":1,"fantasyfurniture:venthyr/wardrobe_top":3,"fantasyfurniture:necrolord/chest":1,"farmersdelight:onion_crate":41,"minecraft:iron_bars":10,"minecraft:writable_book":1,"fantasyfurniture:decorations/venthyr_tea_set":1,"magistuarmory:netherite_ranseur":7,"minecraft:flint_and_steel":1,"fantasyfurniture:dunmer/painting_wide":16,"fantasyfurniture:decorations/royal_wall_mirror_large":1,"farmersdelight:hanging_canvas_sign":4,"fantasyfurniture:bone/skeleton/sofa":2,"minecraft:armor_stand":33,"minecraft:spruce_slab":323,"farmersdelight:cherry_cabinet":1,"backpacked:cherry_backpack_shelf":8,"fantasyfurniture:nordic/counter":5,"fantasyfurniture:necrolord/oven":1,"minecraft:oak_sign":2,"minecraft:chest":75,"minecraft:black_carpet":62,"twilightforest:glass_sword":37,"minecraft:spruce_planks":7,"farmersdelight:stove":30,"fantasyfurniture:nordic/floor_light":7,"supplementaries:blackstone_tile_stairs":120,"farmersdelight:rice_bag":55,"securitycraft:reinforced_red_carpet":41,"mca:black_spruce_crib":1,"minecraft:stick":10,"minecraft:torch":2,"fantasyfurniture:nordic/painting_wide":9,"fantasyfurniture:bone/wither/sofa":2,"fantasyfurniture:royal/chair":4,"fantasyfurniture:royal/floor_light":6,"graveyard:vase_block":18,"minecraft:white_carpet":18,"fantasyfurniture:necrolord/wardrobe_bottom":2,"fantasyfurniture:decorations/royal_platter":14,"brewinandchewin:ice_crate":65,"fantasyfurniture:bone/wither/oven":1,"farmersdelight:carrot_crate":21,"minecraft:spruce_stairs":9,"minecraft:cobblestone_wall":5,"fantasyfurniture:bone/wither/painting_wide":3,"backpacked:spruce_backpack_shelf":7,"farmersdelight:bacon":1,"twilightforest:sorting_door":8,"minecraft:snowball":104,"fantasyfurniture:dunmer/cushion":2,"fantasyfurniture:decorations/brewing_cauldron":2,"farmersdelight:rope":2,"cataclysm:azure_seastone_fence":4,"fantasyfurniture:nordic/wardrobe_bottom":9,"fantasyfurniture:venthyr/wall_light":5,"minecraft:stone_brick_slab":77,"minecraft:wooden_axe":3,"minecraft:packed_ice":31,"fantasyfurniture:decorations/venthyr_food_1":2,"minecraft:stripped_dark_oak_wood":176,"borninchaosdelight:coffee_candy_stew":4,"twilightforest:iron_ladder":8,"minecraft:black_stained_glass_pane":35,"fantasyfurniture:nordic/bookshelf":3,"minecraft:spruce_wood":48,"minecraft:iron_block":168,"minecraft:oak_stairs":14,"fantasyfurniture:venthyr/wardrobe_bottom":1,"farmersdelight:rice_bale":18,"twilightforest:canopy_fence":11,"fantasyfurniture:venthyr/floor_light":5,"farmersdelight:beetroot_crate":19,"minecraft:dark_oak_slab":951,"fantasyfurniture:dunmer/chair":1,"farmersdelight:cabbage_crate":36,"minecraft:barrel":42,"twilightforest:canopy_door":2,"minecraft:stone_bricks":78,"minecraft:smooth_basalt":7,"fantasyfurniture:dunmer/chandelier":3,"minecraft:basalt":6,"fantasyfurniture:venthyr/lockbox":5,"fantasyfurniture:nordic/chandelier":2,"fantasyfurniture:necrolord/carpet":33,"farmersdelight:basket":1,"minecraft:red_carpet":17,"fantasyfurniture:venthyr/painting_wide":4,"farmersdelight:cutting_board":6,"fantasyfurniture:decorations/tankards_milk":7,"minecraft:emerald_block":2037,"fantasyfurniture:venthyr/drawer":4,"minecraft:written_book":2,"fantasyfurniture:nordic/chest":50,"twilightforest:magic_painting":4,"magistuarmory:netherite_flamebladedsword":9,"fantasyfurniture:decorations/royal_food_1":1,"fantasyfurniture:dunmer/drawer":2,"farmersdelight:safety_net":7,"magistuarmory:heavy_crossbow":2,"farmersdelight:cooking_pot":12,"cataclysm:ancient_spear":3,"mca:jeweler_workbench":1,"tombstone:gift":10,"twilightforest:canopy_trapdoor":62,"supplementaries:statue":6,"fantasyfurniture:dunmer/wall_light":25,"brewinandchewin:heating_cask":36,"supplementaries:wicker_fence":11,"farmersdelight:potato_crate":20,"fantasyfurniture:decorations/spider_web_small":9,"farmersdelight:full_tatami_mat":1,"fantasyfurniture:decorations/venthyr_candles":3,"justenoughdrugz:flask_item":1,"fantasyfurniture:nordic/shelf":46,"minecraft:dark_oak_stairs":41,"fantasyfurniture:venthyr/bed_double":3,"minecraft:mangrove_wood":12,"fantasyfurniture:dunmer/sofa":20,"farmersdelight:skillet":17,"minecraft:spruce_door":3,"brewinandchewin:ham_and_cheese_sandwich":2,"minecraft:snow_block":97,"farmersdelight:tomato_crate":29,"fantasyfurniture:decorations/floating_tomes":3,"minecraft:oak_planks":2,"securitycraft:reinforced_white_glazed_terracotta":3,"fantasyfurniture:venthyr/chest":31,"fantasyfurniture:venthyr/door_double":2,"born_in_chaos_v1:scorched_planks_door":3,"fantasyfurniture:decorations/muffins_sweetberry":4,"fantasyfurniture:nordic/wall_light":80,"fantasyfurniture:nordic/table_small":8,"fantasyfurniture:nordic/carpet":165,"fantasyfurniture:venthyr/carpet":16,"farmersdelight:dark_oak_cabinet":1,"orcz:orc_wood_slab":635,"farmersdelight:organic_compost":1,"brewinandchewin:coaster":1,"minecraft:dark_oak_trapdoor":32,"fantasyfurniture:nordic/table_wide":2,"fantasyfurniture:nordic/bed_double":5,"minecraft:diamond_block":1,"fantasyfurniture:decorations/stocking":1,"fantasyfurniture:dunmer/floor_light":1,"fantasyfurniture:venthyr/dresser":4,"minecraft:oak_slab":34,"fantasyfurniture:royal/sofa":2,"brewinandchewin:keg":180,"mca:female_villager_spawn_egg":3,"domesticationinnovation:pet_bed_yellow":1,"born_in_chaos_v1:creepy_nutcracker":3,"minecraft:blue_ice":28,"minecraft:netherite_helmet":1,"fantasyfurniture:bone/wither/carpet":79,"fantasyfurniture:venthyr/cushion":3,"minecraft:painting":18,"fantasyfurniture:nordic/sofa":19,"fantasyfurniture:royal/bookshelf":5,"mca:black_dark_oak_crib":1,"dramaticdoors:short_bamboo_door":1,"brewinandchewin:bloody_mary":2,"graveyard:hanged_skeleton":10,"fantasyfurniture:decorations/venthyr_food_0":2,"fantasyfurniture:venthyr/bookshelf":3,"tombstone:easter_egg":3,"minecraft:mud":8,"twilightforest:mining_trapdoor":13,"fantasyfurniture:nordic/oven":23,"fantasyfurniture:nordic/table_large":1,"dramaticdoors:tall_canopy_door":1,"fantasyfurniture:nordic/wardrobe_top":3,"fantasyfurniture:decorations/paper_stack":3,"fantasyfurniture:nordic/chair":8,"fantasyfurniture:dunmer/table_wide":7,"minecraft:lectern":2,"fantasyfurniture:nordic/drawer":8,"minecraft:spruce_trapdoor":214,"fantasyfurniture:venthyr/table_wide_fancy":2,"fantasyfurniture:dunmer/stool":6,"fantasyfurniture:royal/bed_double":2,"fantasyfurniture:nordic/lockbox":9,"minecraft:diamond_sword":2,"domesticationinnovation:pet_bed_purple":2,"fantasyfurniture:venthyr/bench":14,"fantasyfurniture:nordic/bench":22,"fantasyfurniture:decorations/venthyr_banner":11,"fantasyfurniture:venthyr/oven":3,"farmersdelight:straw_bale":28,"minecraft:cobblestone":2,"fantasyfurniture:nordic/bed_single":3,"fantasyfurniture:royal/wardrobe_bottom":1,"fantasyfurniture:venthyr/sofa":14,"fantasyfurniture:decorations/gravestone":1,"farmersdelight:spruce_cabinet":9,"fantasyfurniture:decorations/spider_web_wide":1,"fantasyfurniture:decorations/coin_stack_gold":5,"mca:gray_dark_oak_crib":24,"fantasyfurniture:dunmer/chest":3,"fantasyfurniture:decorations/bone_candles":2,"fantasyfurniture:venthyr/chair":2,"fantasyfurniture:dunmer/wardrobe_top":2,"minecraft:oak_hanging_sign":10,"fantasyfurniture:decorations/hanging_herbs":2,"fantasyfurniture:decorations/book_stack":15,"fantasyfurniture:royal/shelf":2},"minecraft:dropped":{"born_in_chaos_v1:shattered_skull":1,"fantasyfurniture:venthyr/wardrobe_bottom":1,"minecraft:coal":64,"minecraft:bone":1,"born_in_chaos_v1:ethereal_spirit":1,"tombstone:easter_egg":4,"justenoughdrugz:empty_pill_bottle":1,"fantasyfurniture:nordic/painting_wide":1,"minecraft:written_book":1}},"DataVersion":3465}