{
  "tombstone:adventure/easter": {
    "criteria": {
      "coded_trigger": "2025-03-31 16:55:01 +0000"
    },
    "done": true
  },
  "exoticbirds:recipes/phoenix_egg_from_nether_phoenix": {
    "criteria": {
      "has_egg": "2025-03-31 16:55:01 +0000"
    },
    "done": true
  },
  "exoticbirds:recipes/egg_incubator": {
    "criteria": {
      "has_bucket": "2025-03-31 16:55:01 +0000",
      "has_flint": "2025-03-31 16:55:01 +0000"
    },
    "done": true
  },
  "minecraft:recipes/decorations/crafting_table": {
    "criteria": {
      "unlock_right_away": "2025-03-31 16:55:01 +0000"
    },
    "done": true
  },
  "exoticbirds:recipes/phoenix_egg_from_twilight_phoenix": {
    "criteria": {
      "has_egg": "2025-03-31 16:55:01 +0000"
    },
    "done": true
  },
  "mowziesmobs:root": {
    "criteria": {
      "custom_test_name": "2025-03-31 16:55:01 +0000"
    },
    "done": true
  },
  "irons_spellbooks:grant_patchouli": {
    "criteria": {
      "tick": "2025-03-31 16:55:01 +0000"
    },
    "done": true
  },
  "exoticbirds:recipes/phoenix_egg_from_cloud_phoenix": {
    "criteria": {
      "has_egg": "2025-03-31 16:55:01 +0000"
    },
    "done": true
  },
  "incendium:technical/new_player": {
    "criteria": {
      "requirement": "2025-03-31 16:55:01 +0000"
    },
    "done": true
  },
  "iceandfire:iceandfire/root": {
    "criteria": {
      "tick": "2025-03-31 16:55:01 +0000"
    },
    "done": true
  },
  "exoticbirds:recipes/phoenix_egg_from_desert_phoenix": {
    "criteria": {
      "has_egg": "2025-03-31 16:55:01 +0000"
    },
    "done": true
  },
  "brewinandchewin:main/root": {
    "criteria": {
      "beer": "2025-03-31 16:55:01 +0000"
    },
    "done": true
  },
  "betterdungeons:root": {
    "criteria": {
      "always": "2025-03-31 16:55:01 +0000"
    },
    "done": true
  },
  "exoticbirds:recipes/phoenix_egg_from_ender_phoenix": {
    "criteria": {
      "has_egg": "2025-03-31 16:55:01 +0000"
    },
    "done": true
  },
  "born_in_chaos_v1:bornin_chaos": {
    "criteria": {
      "bornin_chaos_0": "2025-03-31 16:55:01 +0000"
    },
    "done": true
  },
  "orcz:orczchallenge": {
    "criteria": {
      "orczchallenge": "2025-03-31 16:55:01 +0000"
    },
    "done": true
  },
  "exoticbirds:recipes/phoenix_egg_from_fire_phoenix": {
    "criteria": {
      "has_egg": "2025-03-31 16:55:01 +0000"
    },
    "done": true
  },
  "exoticbirds:default/root": {
    "criteria": {
      "launch_mod": "2025-03-31 16:55:01 +0000"
    },
    "done": true
  },
  "betterdeserttemples:root": {
    "criteria": {
      "always": "2025-03-31 16:55:01 +0000"
    },
    "done": true
  },
  "cataclysm:root": {
    "criteria": {
      "custom_test_name": "2025-03-31 16:55:01 +0000"
    },
    "done": true
  },
  "exoticbirds:recipes/phoenix_egg_from_skeleton_phoenix": {
    "criteria": {
      "has_egg": "2025-03-31 16:55:01 +0000"
    },
    "done": true
  },
  "exoticbirds:recipes/phoenix_egg_from_water_phoenix": {
    "criteria": {
      "has_egg": "2025-03-31 16:55:01 +0000"
    },
    "done": true
  },
  "exoticbirds:recipes/egg_identifier": {
    "criteria": {
      "has_bucket": "2025-03-31 16:55:01 +0000"
    },
    "done": true
  },
  "farmersdelight:main/root": {
    "criteria": {
      "seeds": "2025-03-31 16:55:01 +0000"
    },
    "done": true
  },
  "exoticbirds:recipes/phoenix_egg_from_snowy_phoenix": {
    "criteria": {
      "has_egg": "2025-03-31 16:55:01 +0000"
    },
    "done": true
  },
  "incendium:technical/using/shield": {
    "criteria": {
      "log_spam_fixer": "2025-03-31 16:55:02 +0000"
    },
    "done": false
  },
  "tombstone:adventure/root": {
    "criteria": {
      "auto": "2025-03-31 16:55:02 +0000"
    },
    "done": true
  },
  "incendium:technical/scroll_of_returning": {
    "criteria": {
      "log_spam_fixer": "2025-03-31 16:55:02 +0000"
    },
    "done": false
  },
  "incendium:technical/using/ragnarok": {
    "criteria": {
      "log_spam_fixer": "2025-03-31 16:55:02 +0000"
    },
    "done": false
  },
  "incendium:technical/using/trailblazer": {
    "criteria": {
      "log_spam_fixer": "2025-03-31 16:55:02 +0000"
    },
    "done": false
  },
  "minecraft:adventure/adventuring_time": {
    "criteria": {
      "minecraft:stony_peaks": "2025-03-31 16:55:02 +0000",
      "minecraft:snowy_taiga": "2025-03-31 17:01:23 +0000",
      "minecraft:lush_caves": "2025-03-31 17:07:28 +0000"
    },
    "done": false
  },
  "supplementaries:adventure/way_sign": {
    "criteria": {
      "bastion": "2025-03-31 16:57:06 +0000"
    },
    "done": true
  },
  "brewinandchewin:recipes/fermenting/jerky": {
    "criteria": {
      "has_raw_meat": "2025-03-31 16:58:36 +0000"
    },
    "done": true
  },
  "farmersdelight:recipes/cooking/dog_food": {
    "criteria": {
      "has_any_ingredient": "2025-03-31 16:58:36 +0000"
    },
    "done": true
  },
  "farmersdelight:recipes/building_blocks/organic_compost_from_rotten_flesh": {
    "criteria": {
      "has_rotten_flesh": "2025-03-31 16:58:36 +0000"
    },
    "done": true
  },
  "tombstone:adventure/find_grave_dust": {
    "criteria": {
      "from_undead": "2025-03-31 16:58:44 +0000"
    },
    "done": true
  },
  "tombstone:adventure/first_knowledge": {
    "criteria": {
      "coded_trigger": "2025-03-31 16:58:44 +0000"
    },
    "done": true
  },
  "tombstone:adventure/find_easter_egg": {
    "criteria": {
      "coded_trigger": "2025-03-31 16:58:44 +0000"
    },
    "done": true
  },
  "minecraft:adventure/root": {
    "criteria": {
      "killed_something": "2025-03-31 16:58:44 +0000"
    },
    "done": true
  },
  "tombstone:recipes/from_grave_dust": {
    "criteria": {
      "has_ingredient": "2025-03-31 16:58:44 +0000"
    },
    "done": true
  },
  "tombstone:adventure/choose_knowledge": {
    "criteria": {
      "coded_trigger": "2025-03-31 16:59:12 +0000"
    },
    "done": true
  },
  "brewinandchewin:recipes/decorations/ice_crate": {
    "criteria": {
      "has_ice": "2025-03-31 17:00:40 +0000"
    },
    "done": true
  },
  "minecraft:recipes/building_blocks/blue_ice": {
    "criteria": {
      "has_packed_ice": "2025-03-31 17:00:40 +0000"
    },
    "done": true
  },
  "minecraft:recipes/decorations/ladder": {
    "criteria": {
      "has_stick": "2025-03-31 17:10:07 +0000"
    },
    "done": true
  },
  "securitycraft:recipes/redstone/reinforced_birch_fence_gate": {
    "criteria": {
      "has_stick": "2025-03-31 17:10:07 +0000"
    },
    "done": true
  },
  "securitycraft:recipes/redstone/reinforced_crimson_fence_gate": {
    "criteria": {
      "has_stick": "2025-03-31 17:10:07 +0000"
    },
    "done": true
  },
  "securitycraft:recipes/misc/motion_activated_light": {
    "criteria": {
      "has_stick": "2025-03-31 17:10:07 +0000"
    },
    "done": true
  },
  "securitycraft:recipes/redstone/reinforced_jungle_fence_gate": {
    "criteria": {
      "has_stick": "2025-03-31 17:10:07 +0000"
    },
    "done": true
  },
  "supplementaries:recipes/crank": {
    "criteria": {
      "forge:rods/wooden": "2025-03-31 17:10:07 +0000"
    },
    "done": true
  },
  "exoticbirds:recipes/nest": {
    "criteria": {
      "has_stick": "2025-03-31 17:10:07 +0000"
    },
    "done": true
  },
  "exoticbirds:recipes/warped_birdcage": {
    "criteria": {
      "has_stick": "2025-03-31 17:10:07 +0000"
    },
    "done": true
  },
  "supplementaries:recipes/flags/flag_orange": {
    "criteria": {
      "has_stick": "2025-03-31 17:10:07 +0000"
    },
    "done": true
  },
  "supplementaries:recipes/flags/flag_magenta": {
    "criteria": {
      "has_stick": "2025-03-31 17:10:07 +0000"
    },
    "done": true
  },
  "backpacked:recipes/decorations/cherry_backpack_shelf": {
    "criteria": {
      "has_stick": "2025-03-31 17:10:07 +0000"
    },
    "done": true
  },
  "minecraft:recipes/tools/wooden_axe": {
    "criteria": {
      "has_stick": "2025-03-31 17:10:07 +0000"
    },
    "done": true
  },
  "backpacked:recipes/decorations/oak_backpack_shelf": {
    "criteria": {
      "has_stick": "2025-03-31 17:10:07 +0000"
    },
    "done": true
  },
  "securitycraft:recipes/redstone/reinforced_spruce_fence_gate": {
    "criteria": {
      "has_stick": "2025-03-31 17:10:07 +0000"
    },
    "done": true
  },
  "exoticbirds:recipes/crimson_birdcage": {
    "criteria": {
      "has_stick": "2025-03-31 17:10:07 +0000"
    },
    "done": true
  },
  "backpacked:recipes/decorations/spruce_backpack_shelf": {
    "criteria": {
      "has_stick": "2025-03-31 17:10:07 +0000"
    },
    "done": true
  },
  "securitycraft:recipes/misc/reinforced_acacia_fence": {
    "criteria": {
      "has_stick": "2025-03-31 17:10:07 +0000"
    },
    "done": true
  },
  "supplementaries:recipes/daub_cross_brace": {
    "criteria": {
      "forge:rods/wooden": "2025-03-31 17:10:07 +0000"
    },
    "done": true
  },
  "backpacked:recipes/decorations/acacia_backpack_shelf": {
    "criteria": {
      "has_stick": "2025-03-31 17:10:07 +0000"
    },
    "done": true
  },
  "securitycraft:recipes/redstone/reinforced_bamboo_fence_gate": {
    "criteria": {
      "has_stick": "2025-03-31 17:10:07 +0000"
    },
    "done": true
  },
  "supplementaries:recipes/flags/flag_pink": {
    "criteria": {
      "has_stick": "2025-03-31 17:10:07 +0000"
    },
    "done": true
  },
  "minecraft:recipes/decorations/campfire": {
    "criteria": {
      "has_stick": "2025-03-31 17:10:07 +0000"
    },
    "done": true
  },
  "supplementaries:recipes/timber_frame": {
    "criteria": {
      "forge:rods/wooden": "2025-03-31 17:10:07 +0000"
    },
    "done": true
  },
  "minecraft:recipes/tools/wooden_hoe": {
    "criteria": {
      "has_stick": "2025-03-31 17:10:07 +0000"
    },
    "done": true
  },
  "securitycraft:recipes/misc/sonic_security_system": {
    "criteria": {
      "has_stick": "2025-03-31 17:10:07 +0000"
    },
    "done": true
  },
  "supplementaries:recipes/slingshot": {
    "criteria": {
      "forge:rods/wooden": "2025-03-31 17:10:07 +0000"
    },
    "done": true
  },
  "supplementaries:recipes/timber_brace": {
    "criteria": {
      "forge:rods/wooden": "2025-03-31 17:10:07 +0000"
    },
    "done": true
  },
  "exoticbirds:recipes/jungle_birdcage": {
    "criteria": {
      "has_stick": "2025-03-31 17:10:07 +0000"
    },
    "done": true
  },
  "minecraft:recipes/tools/wooden_shovel": {
    "criteria": {
      "has_stick": "2025-03-31 17:10:07 +0000"
    },
    "done": true
  },
  "securitycraft:recipes/redstone/reinforced_dark_oak_fence_gate": {
    "criteria": {
      "has_stick": "2025-03-31 17:10:07 +0000"
    },
    "done": true
  },
  "backpacked:recipes/decorations/crimson_backpack_shelf": {
    "criteria": {
      "has_stick": "2025-03-31 17:10:07 +0000"
    },
    "done": true
  },
  "supplementaries:recipes/flags/flag_black": {
    "criteria": {
      "has_stick": "2025-03-31 17:10:07 +0000"
    },
    "done": true
  },
  "minecraft:recipes/combat/wooden_sword": {
    "criteria": {
      "has_stick": "2025-03-31 17:10:07 +0000"
    },
    "done": true
  },
  "supplementaries:recipes/flags/flag_green": {
    "criteria": {
      "has_stick": "2025-03-31 17:10:07 +0000"
    },
    "done": true
  },
  "exoticbirds:recipes/gold_birdcage": {
    "criteria": {
      "has_stick": "2025-03-31 17:10:07 +0000"
    },
    "done": true
  },
  "securitycraft:recipes/misc/reinforced_birch_fence": {
    "criteria": {
      "has_stick": "2025-03-31 17:10:07 +0000"
    },
    "done": true
  },
  "securitycraft:recipes/misc/reinforced_dark_oak_fence": {
    "criteria": {
      "has_stick": "2025-03-31 17:10:07 +0000"
    },
    "done": true
  },
  "securitycraft:recipes/misc/reinforced_oak_fence": {
    "criteria": {
      "has_stick": "2025-03-31 17:10:07 +0000"
    },
    "done": true
  },
  "securitycraft:recipes/redstone/reinforced_oak_fence_gate": {
    "criteria": {
      "has_stick": "2025-03-31 17:10:07 +0000"
    },
    "done": true
  },
  "supplementaries:recipes/flags/flag_purple": {
    "criteria": {
      "has_stick": "2025-03-31 17:10:07 +0000"
    },
    "done": true
  },
  "securitycraft:recipes/misc/reinforced_bamboo_fence": {
    "criteria": {
      "has_stick": "2025-03-31 17:10:07 +0000"
    },
    "done": true
  },
  "securitycraft:recipes/misc/reinforced_crimson_fence": {
    "criteria": {
      "has_stick": "2025-03-31 17:10:07 +0000"
    },
    "done": true
  },
  "supplementaries:recipes/flags/flag_white": {
    "criteria": {
      "has_stick": "2025-03-31 17:10:07 +0000"
    },
    "done": true
  },
  "supplementaries:recipes/timber_cross_brace": {
    "criteria": {
      "forge:rods/wooden": "2025-03-31 17:10:07 +0000"
    },
    "done": true
  },
  "exoticbirds:recipes/iron_birdcage": {
    "criteria": {
      "has_stick": "2025-03-31 17:10:07 +0000"
    },
    "done": true
  },
  "exoticbirds:recipes/birch_birdcage": {
    "criteria": {
      "has_stick": "2025-03-31 17:10:07 +0000"
    },
    "done": true
  },
  "supplementaries:recipes/flags/flag_brown": {
    "criteria": {
      "has_stick": "2025-03-31 17:10:07 +0000"
    },
    "done": true
  },
  "supplementaries:recipes/flags/flag_gray": {
    "criteria": {
      "has_stick": "2025-03-31 17:10:07 +0000"
    },
    "done": true
  },
  "farmersdelight:recipes/combat/flint_knife": {
    "criteria": {
      "has_stick": "2025-03-31 17:10:07 +0000"
    },
    "done": true
  },
  "supplementaries:recipes/faucet": {
    "criteria": {
      "forge:rods/wooden": "2025-03-31 17:10:07 +0000"
    },
    "done": true
  },
  "exoticbirds:recipes/oak_birdcage": {
    "criteria": {
      "has_stick": "2025-03-31 17:10:07 +0000"
    },
    "done": true
  },
  "backpacked:recipes/decorations/dark_oak_backpack_shelf": {
    "criteria": {
      "has_stick": "2025-03-31 17:10:07 +0000"
    },
    "done": true
  },
  "backpacked:recipes/decorations/birch_backpack_shelf": {
    "criteria": {
      "has_stick": "2025-03-31 17:10:07 +0000"
    },
    "done": true
  },
  "exoticbirds:recipes/mangrove_birdcage": {
    "criteria": {
      "has_stick": "2025-03-31 17:10:07 +0000"
    },
    "done": true
  },
  "securitycraft:recipes/misc/reinforced_jungle_fence": {
    "criteria": {
      "has_stick": "2025-03-31 17:10:07 +0000"
    },
    "done": true
  },
  "exoticbirds:recipes/dark_oak_birdcage": {
    "criteria": {
      "has_stick": "2025-03-31 17:10:07 +0000"
    },
    "done": true
  },
  "securitycraft:recipes/misc/reinforced_warped_fence": {
    "criteria": {
      "has_stick": "2025-03-31 17:10:07 +0000"
    },
    "done": true
  },
  "exoticbirds:recipes/acacia_birdcage": {
    "criteria": {
      "has_stick": "2025-03-31 17:10:07 +0000"
    },
    "done": true
  },
  "exoticbirds:recipes/cherry_birdcage": {
    "criteria": {
      "has_stick": "2025-03-31 17:10:07 +0000"
    },
    "done": true
  },
  "supplementaries:recipes/flags/flag_light_blue": {
    "criteria": {
      "has_stick": "2025-03-31 17:10:07 +0000"
    },
    "done": true
  },
  "securitycraft:recipes/redstone/reinforced_cherry_fence_gate": {
    "criteria": {
      "has_stick": "2025-03-31 17:10:07 +0000"
    },
    "done": true
  },
  "securitycraft:recipes/redstone/reinforced_acacia_fence_gate": {
    "criteria": {
      "has_stick": "2025-03-31 17:10:07 +0000"
    },
    "done": true
  },
  "supplementaries:recipes/daub_brace": {
    "criteria": {
      "forge:rods/wooden": "2025-03-31 17:10:07 +0000"
    },
    "done": true
  },
  "supplementaries:recipes/flags/flag_blue": {
    "criteria": {
      "has_stick": "2025-03-31 17:10:07 +0000"
    },
    "done": true
  },
  "securitycraft:recipes/misc/reinforced_cherry_fence": {
    "criteria": {
      "has_stick": "2025-03-31 17:10:07 +0000"
    },
    "done": true
  },
  "securitycraft:recipes/redstone/reinforced_warped_fence_gate": {
    "criteria": {
      "has_stick": "2025-03-31 17:10:07 +0000"
    },
    "done": true
  },
  "supplementaries:recipes/daub_frame": {
    "criteria": {
      "forge:rods/wooden": "2025-03-31 17:10:07 +0000"
    },
    "done": true
  },
  "exoticbirds:recipes/spruce_birdcage": {
    "criteria": {
      "has_stick": "2025-03-31 17:10:07 +0000"
    },
    "done": true
  },
  "backpacked:recipes/decorations/jungle_backpack_shelf": {
    "criteria": {
      "has_stick": "2025-03-31 17:10:07 +0000"
    },
    "done": true
  },
  "minecraft:recipes/tools/wooden_pickaxe": {
    "criteria": {
      "has_stick": "2025-03-31 17:10:07 +0000"
    },
    "done": true
  },
  "supplementaries:recipes/flags/flag_cyan": {
    "criteria": {
      "has_stick": "2025-03-31 17:10:07 +0000"
    },
    "done": true
  },
  "exoticbirds:recipes/bamboo_birdcage": {
    "criteria": {
      "has_stick": "2025-03-31 17:10:07 +0000"
    },
    "done": true
  },
  "supplementaries:recipes/flags/flag_yellow": {
    "criteria": {
      "has_stick": "2025-03-31 17:10:07 +0000"
    },
    "done": true
  },
  "securitycraft:recipes/redstone/reinforced_mangrove_fence_gate": {
    "criteria": {
      "has_stick": "2025-03-31 17:10:07 +0000"
    },
    "done": true
  },
  "backpacked:recipes/decorations/warped_backpack_shelf": {
    "criteria": {
      "has_stick": "2025-03-31 17:10:07 +0000"
    },
    "done": true
  },
  "securitycraft:recipes/misc/reinforced_mangrove_fence": {
    "criteria": {
      "has_stick": "2025-03-31 17:10:07 +0000"
    },
    "done": true
  },
  "supplementaries:recipes/flags/flag_light_gray": {
    "criteria": {
      "has_stick": "2025-03-31 17:10:07 +0000"
    },
    "done": true
  },
  "supplementaries:recipes/flags/flag_red": {
    "criteria": {
      "has_stick": "2025-03-31 17:10:07 +0000"
    },
    "done": true
  },
  "farmersdelight:recipes/decorations/cutting_board": {
    "criteria": {
      "has_stick": "2025-03-31 17:10:07 +0000"
    },
    "done": true
  },
  "securitycraft:recipes/misc/reinforced_spruce_fence": {
    "criteria": {
      "has_stick": "2025-03-31 17:10:07 +0000"
    },
    "done": true
  },
  "supplementaries:recipes/flags/flag_lime": {
    "criteria": {
      "has_stick": "2025-03-31 17:10:07 +0000"
    },
    "done": true
  },
  "supplementaries:recipes/cage": {
    "criteria": {
      "has_iron_bars": "2025-03-31 17:10:52 +0000"
    },
    "done": true
  },
  "mca:recipes/misc/comb": {
    "criteria": {
      "has_item": "2025-03-31 17:10:52 +0000"
    },
    "done": true
  },
  "exoticbirds:recipes/roost_box": {
    "criteria": {
      "has_bars": "2025-03-31 17:10:52 +0000"
    },
    "done": true
  },
  "twilightforest:recipes/decorations/iron_ladder": {
    "criteria": {
      "has_iron_bars": "2025-03-31 17:10:52 +0000"
    },
    "done": true
  },
  "minecraft:recipes/misc/charcoal": {
    "criteria": {
      "has_log": "2025-03-31 17:21:19 +0000"
    },
    "done": true
  },
  "securitycraft:recipes/misc/sc_manual": {
    "criteria": {
      "has_wood": "2025-03-31 17:21:19 +0000"
    },
    "done": true
  },
  "minecraft:recipes/building_blocks/spruce_planks": {
    "criteria": {
      "has_logs": "2025-03-31 17:21:19 +0000"
    },
    "done": true
  },
  "brewinandchewin:main/place_temperature_block_near_keg": {
    "criteria": {
      "placed_keg_near_source": "2025-03-31 17:46:50 +0000"
    },
    "done": true
  },
  "brewinandchewin:main/place_keg": {
    "criteria": {
      "placed_keg": "2025-03-31 17:46:50 +0000"
    },
    "done": true
  },
  "iceandfire:recipes/building_blocks/dragonforge_ice_brick": {
    "criteria": {
      "has_item": "2025-03-31 17:48:55 +0000"
    },
    "done": true
  },
  "minecraft:recipes/building_blocks/stone_brick_stairs": {
    "criteria": {
      "has_stone_bricks": "2025-03-31 17:48:55 +0000"
    },
    "done": true
  },
  "iceandfire:recipes/building_blocks/dragonforge_fire_brick": {
    "criteria": {
      "has_item": "2025-03-31 17:48:55 +0000"
    },
    "done": true
  },
  "supplementaries:recipes/pedestal": {
    "criteria": {
      "has_stone_bricks": "2025-03-31 17:48:55 +0000"
    },
    "done": true
  },
  "minecraft:recipes/building_blocks/stone_brick_slab": {
    "criteria": {
      "has_stone_bricks": "2025-03-31 17:48:55 +0000"
    },
    "done": true
  },
  "minecraft:recipes/building_blocks/chiseled_stone_bricks_from_stone_bricks_stonecutting": {
    "criteria": {
      "has_stone_bricks": "2025-03-31 17:48:55 +0000"
    },
    "done": true
  },
  "supplementaries:recipes/stone_tile": {
    "criteria": {
      "has_stone_bricks": "2025-03-31 17:48:55 +0000"
    },
    "done": true
  },
  "minecraft:recipes/decorations/stone_brick_wall": {
    "criteria": {
      "has_stone_bricks": "2025-03-31 17:48:55 +0000"
    },
    "done": true
  },
  "minecraft:recipes/building_blocks/cracked_stone_bricks": {
    "criteria": {
      "has_stone_bricks": "2025-03-31 17:48:55 +0000"
    },
    "done": true
  },
  "minecraft:recipes/building_blocks/stone_brick_stairs_from_stone_bricks_stonecutting": {
    "criteria": {
      "has_stone_bricks": "2025-03-31 17:48:55 +0000"
    },
    "done": true
  },
  "iceandfire:recipes/building_blocks/dragonforge_lightning_brick": {
    "criteria": {
      "has_item": "2025-03-31 17:48:55 +0000"
    },
    "done": true
  },
  "minecraft:recipes/building_blocks/chiseled_stone_bricks": {
    "criteria": {
      "has_tag": "2025-03-31 17:48:55 +0000"
    },
    "done": true
  },
  "minecraft:recipes/decorations/stone_brick_wall_from_stone_bricks_stonecutting": {
    "criteria": {
      "has_stone_bricks": "2025-03-31 17:48:55 +0000"
    },
    "done": true
  },
  "minecraft:recipes/building_blocks/stone_brick_slab_from_stone_bricks_stonecutting": {
    "criteria": {
      "has_stone_bricks": "2025-03-31 17:48:55 +0000"
    },
    "done": true
  },
  "supplementaries:recipes/stonecutting/stone_tile": {
    "criteria": {
      "has_stone_bricks": "2025-03-31 17:48:55 +0000"
    },
    "done": true
  },
  "minecraft:recipes/decorations/chest": {
    "criteria": {
      "has_lots_of_items": "2025-03-31 17:50:40 +0000"
    },
    "done": true
  },
  "farmersdelight:recipes/food/rice_from_bag": {
    "criteria": {
      "has_rice_bag": "2025-03-31 17:57:24 +0000"
    },
    "done": true
  },
  "farmersdelight:recipes/food/tomato": {
    "criteria": {
      "has_tomato_crate": "2025-03-31 18:01:56 +0000"
    },
    "done": true
  },
  "farmersdelight:recipes/food/potato_from_crate": {
    "criteria": {
      "has_potato_crate": "2025-03-31 18:02:04 +0000"
    },
    "done": true
  },
  "farmersdelight:recipes/food/cabbage": {
    "criteria": {
      "has_cabbage_crate": "2025-03-31 18:02:06 +0000"
    },
    "done": true
  },
  "farmersdelight:recipes/food/rice_panicle": {
    "criteria": {
      "has_rice_bale": "2025-03-31 18:02:20 +0000"
    },
    "done": true
  },
  "farmersdelight:recipes/food/onion": {
    "criteria": {
      "has_onion_crate": "2025-03-31 18:02:26 +0000"
    },
    "done": true
  },
  "farmersdelight:recipes/decorations/pink_hanging_canvas_sign": {
    "criteria": {
      "has_hanging_canvas_sign": "2025-03-31 18:02:38 +0000"
    },
    "done": true
  },
  "farmersdelight:recipes/decorations/orange_hanging_canvas_sign": {
    "criteria": {
      "has_hanging_canvas_sign": "2025-03-31 18:02:38 +0000"
    },
    "done": true
  },
  "farmersdelight:recipes/decorations/blue_hanging_canvas_sign": {
    "criteria": {
      "has_hanging_canvas_sign": "2025-03-31 18:02:38 +0000"
    },
    "done": true
  },
  "farmersdelight:recipes/decorations/white_hanging_canvas_sign": {
    "criteria": {
      "has_hanging_canvas_sign": "2025-03-31 18:02:38 +0000"
    },
    "done": true
  },
  "farmersdelight:recipes/decorations/black_hanging_canvas_sign": {
    "criteria": {
      "has_hanging_canvas_sign": "2025-03-31 18:02:38 +0000"
    },
    "done": true
  },
  "farmersdelight:recipes/decorations/brown_hanging_canvas_sign": {
    "criteria": {
      "has_hanging_canvas_sign": "2025-03-31 18:02:38 +0000"
    },
    "done": true
  },
  "farmersdelight:recipes/decorations/gray_hanging_canvas_sign": {
    "criteria": {
      "has_hanging_canvas_sign": "2025-03-31 18:02:38 +0000"
    },
    "done": true
  },
  "farmersdelight:recipes/decorations/lime_hanging_canvas_sign": {
    "criteria": {
      "has_hanging_canvas_sign": "2025-03-31 18:02:38 +0000"
    },
    "done": true
  },
  "farmersdelight:recipes/decorations/cyan_hanging_canvas_sign": {
    "criteria": {
      "has_hanging_canvas_sign": "2025-03-31 18:02:38 +0000"
    },
    "done": true
  },
  "farmersdelight:recipes/decorations/magenta_hanging_canvas_sign": {
    "criteria": {
      "has_hanging_canvas_sign": "2025-03-31 18:02:38 +0000"
    },
    "done": true
  },
  "farmersdelight:recipes/decorations/green_hanging_canvas_sign": {
    "criteria": {
      "has_hanging_canvas_sign": "2025-03-31 18:02:38 +0000"
    },
    "done": true
  },
  "farmersdelight:recipes/decorations/yellow_hanging_canvas_sign": {
    "criteria": {
      "has_hanging_canvas_sign": "2025-03-31 18:02:38 +0000"
    },
    "done": true
  },
  "farmersdelight:recipes/decorations/light_gray_hanging_canvas_sign": {
    "criteria": {
      "has_hanging_canvas_sign": "2025-03-31 18:02:38 +0000"
    },
    "done": true
  },
  "farmersdelight:recipes/decorations/red_hanging_canvas_sign": {
    "criteria": {
      "has_hanging_canvas_sign": "2025-03-31 18:02:38 +0000"
    },
    "done": true
  },
  "farmersdelight:recipes/decorations/light_blue_hanging_canvas_sign": {
    "criteria": {
      "has_hanging_canvas_sign": "2025-03-31 18:02:38 +0000"
    },
    "done": true
  },
  "farmersdelight:recipes/decorations/purple_hanging_canvas_sign": {
    "criteria": {
      "has_hanging_canvas_sign": "2025-03-31 18:02:38 +0000"
    },
    "done": true
  },
  "minecraft:recipes/misc/iron_nugget_from_smelting": {
    "criteria": {
      "has_iron_sword": "2025-03-31 18:07:55 +0000"
    },
    "done": true
  },
  "minecraft:recipes/misc/iron_nugget_from_blasting": {
    "criteria": {
      "has_iron_sword": "2025-03-31 18:07:55 +0000"
    },
    "done": true
  },
  "twilightforest:arborist": {
    "criteria": {
      "canopy_door": "2025-03-31 18:08:23 +0000",
      "sorting_door": "2025-03-31 19:13:47 +0000"
    },
    "done": false
  },
  "dramaticdoors:recipes/redstone/tall_canopy_door": {
    "criteria": {
      "has_items": "2025-03-31 18:08:23 +0000"
    },
    "done": true
  },
  "dramaticdoors:recipes/redstone/short_canopy_door": {
    "criteria": {
      "has_items": "2025-03-31 18:08:23 +0000"
    },
    "done": true
  },
  "dramaticdoors:recipes/redstone/short_spruce_door": {
    "criteria": {
      "has_items": "2025-03-31 18:09:03 +0000"
    },
    "done": true
  },
  "dramaticdoors:recipes/redstone/tall_spruce_door": {
    "criteria": {
      "has_items": "2025-03-31 18:09:03 +0000"
    },
    "done": true
  },
  "farmersdelight:recipes/decorations/safety_net": {
    "criteria": {
      "has_rope": "2025-03-31 18:10:30 +0000"
    },
    "done": true
  },
  "farmersdelight:recipes/decorations/rope_from_safety_net": {
    "criteria": {
      "has_safety_net": "2025-03-31 18:16:39 +0000"
    },
    "done": true
  },
  "minecraft:recipes/decorations/oak_sign": {
    "criteria": {
      "has_planks": "2025-03-31 18:16:50 +0000"
    },
    "done": true
  },
  "supplementaries:recipes/lock_block": {
    "criteria": {
      "minecraft:planks": "2025-03-31 18:16:50 +0000"
    },
    "done": true
  },
  "exoticbirds:recipes/light_gray_birdhouse": {
    "criteria": {
      "has_wood": "2025-03-31 18:16:50 +0000"
    },
    "done": true
  },
  "minecraft:recipes/misc/stick": {
    "criteria": {
      "has_planks": "2025-03-31 18:16:50 +0000"
    },
    "done": true
  },
  "exoticbirds:recipes/pink_birdhouse": {
    "criteria": {
      "has_wood": "2025-03-31 18:16:50 +0000"
    },
    "done": true
  },
  "exoticbirds:recipes/light_blue_birdhouse": {
    "criteria": {
      "has_wood": "2025-03-31 18:16:50 +0000"
    },
    "done": true
  },
  "exoticbirds:recipes/brown_birdhouse": {
    "criteria": {
      "has_wood": "2025-03-31 18:16:50 +0000"
    },
    "done": true
  },
  "exoticbirds:recipes/red_birdhouse": {
    "criteria": {
      "has_wood": "2025-03-31 18:16:50 +0000"
    },
    "done": true
  },
  "minecraft:recipes/building_blocks/oak_slab": {
    "criteria": {
      "has_planks": "2025-03-31 18:16:50 +0000"
    },
    "done": true
  },
  "mca:recipes/decorations/cyan_oak_crib": {
    "criteria": {
      "has_oak_planks": "2025-03-31 18:16:50 +0000"
    },
    "done": true
  },
  "minecraft:recipes/redstone/oak_fence_gate": {
    "criteria": {
      "has_planks": "2025-03-31 18:16:50 +0000"
    },
    "done": true
  },
  "mca:recipes/decorations/white_oak_crib": {
    "criteria": {
      "has_oak_planks": "2025-03-31 18:16:50 +0000"
    },
    "done": true
  },
  "minecraft:recipes/redstone/oak_door": {
    "criteria": {
      "has_planks": "2025-03-31 18:16:50 +0000"
    },
    "done": true
  },
  "supplementaries:recipes/turn_table": {
    "criteria": {
      "minecraft:planks": "2025-03-31 18:16:50 +0000"
    },
    "done": true
  },
  "exoticbirds:recipes/blue_birdhouse": {
    "criteria": {
      "has_wood": "2025-03-31 18:16:50 +0000"
    },
    "done": true
  },
  "supplementaries:recipes/clock_block": {
    "criteria": {
      "minecraft:planks": "2025-03-31 18:16:50 +0000"
    },
    "done": true
  },
  "minecraft:recipes/decorations/barrel": {
    "criteria": {
      "has_planks": "2025-03-31 18:16:50 +0000"
    },
    "done": true
  },
  "exoticbirds:recipes/white_birdhouse": {
    "criteria": {
      "has_wood": "2025-03-31 18:16:50 +0000"
    },
    "done": true
  },
  "exoticbirds:recipes/magenta_birdhouse": {
    "criteria": {
      "has_wood": "2025-03-31 18:16:50 +0000"
    },
    "done": true
  },
  "mca:recipes/decorations/green_oak_crib": {
    "criteria": {
      "has_oak_planks": "2025-03-31 18:16:50 +0000"
    },
    "done": true
  },
  "exoticbirds:recipes/green_birdhouse": {
    "criteria": {
      "has_wood": "2025-03-31 18:16:50 +0000"
    },
    "done": true
  },
  "exoticbirds:recipes/black_birdhouse": {
    "criteria": {
      "has_wood": "2025-03-31 18:16:50 +0000"
    },
    "done": true
  },
  "exoticbirds:recipes/cyan_birdhouse": {
    "criteria": {
      "has_wood": "2025-03-31 18:16:50 +0000"
    },
    "done": true
  },
  "mca:recipes/decorations/light_gray_oak_crib": {
    "criteria": {
      "has_oak_planks": "2025-03-31 18:16:50 +0000"
    },
    "done": true
  },
  "minecraft:recipes/redstone/oak_trapdoor": {
    "criteria": {
      "has_planks": "2025-03-31 18:16:50 +0000"
    },
    "done": true
  },
  "mca:recipes/decorations/blue_oak_crib": {
    "criteria": {
      "has_oak_planks": "2025-03-31 18:16:50 +0000"
    },
    "done": true
  },
  "exoticbirds:recipes/gray_birdhouse": {
    "criteria": {
      "has_wood": "2025-03-31 18:16:50 +0000"
    },
    "done": true
  },
  "exoticbirds:recipes/lime_birdhouse": {
    "criteria": {
      "has_wood": "2025-03-31 18:16:50 +0000"
    },
    "done": true
  },
  "mca:recipes/decorations/purple_oak_crib": {
    "criteria": {
      "has_oak_planks": "2025-03-31 18:16:50 +0000"
    },
    "done": true
  },
  "supplementaries:recipes/bed_from_feather_block": {
    "criteria": {
      "minecraft:planks": "2025-03-31 18:16:50 +0000"
    },
    "done": true
  },
  "mca:recipes/decorations/red_oak_crib": {
    "criteria": {
      "has_oak_planks": "2025-03-31 18:16:50 +0000"
    },
    "done": true
  },
  "minecraft:recipes/building_blocks/oak_stairs": {
    "criteria": {
      "has_planks": "2025-03-31 18:16:50 +0000"
    },
    "done": true
  },
  "minecraft:recipes/decorations/oak_fence": {
    "criteria": {
      "has_planks": "2025-03-31 18:16:50 +0000"
    },
    "done": true
  },
  "iceandfire:recipes/misc/earplugs": {
    "criteria": {
      "has_item": "2025-03-31 18:16:50 +0000"
    },
    "done": true
  },
  "mca:recipes/decorations/magenta_oak_crib": {
    "criteria": {
      "has_oak_planks": "2025-03-31 18:16:50 +0000"
    },
    "done": true
  },
  "supplementaries:recipes/speaker_block": {
    "criteria": {
      "minecraft:planks": "2025-03-31 18:16:50 +0000"
    },
    "done": true
  },
  "exoticbirds:recipes/yellow_birdhouse": {
    "criteria": {
      "has_wood": "2025-03-31 18:16:50 +0000"
    },
    "done": true
  },
  "exoticbirds:recipes/purple_birdhouse": {
    "criteria": {
      "has_wood": "2025-03-31 18:16:50 +0000"
    },
    "done": true
  },
  "minecraft:recipes/redstone/oak_button": {
    "criteria": {
      "has_planks": "2025-03-31 18:16:50 +0000"
    },
    "done": true
  },
  "supplementaries:recipes/notice_board": {
    "criteria": {
      "minecraft:planks": "2025-03-31 18:16:50 +0000"
    },
    "done": true
  },
  "mca:recipes/decorations/lime_oak_crib": {
    "criteria": {
      "has_oak_planks": "2025-03-31 18:16:50 +0000"
    },
    "done": true
  },
  "minecraft:recipes/redstone/oak_pressure_plate": {
    "criteria": {
      "has_planks": "2025-03-31 18:16:50 +0000"
    },
    "done": true
  },
  "mca:recipes/decorations/black_oak_crib": {
    "criteria": {
      "has_oak_planks": "2025-03-31 18:16:50 +0000"
    },
    "done": true
  },
  "exoticbirds:recipes/orange_birdhouse": {
    "criteria": {
      "has_wood": "2025-03-31 18:16:50 +0000"
    },
    "done": true
  },
  "mca:recipes/decorations/pink_oak_crib": {
    "criteria": {
      "has_oak_planks": "2025-03-31 18:16:50 +0000"
    },
    "done": true
  },
  "mca:recipes/decorations/orange_oak_crib": {
    "criteria": {
      "has_oak_planks": "2025-03-31 18:16:50 +0000"
    },
    "done": true
  },
  "mca:recipes/decorations/brown_oak_crib": {
    "criteria": {
      "has_oak_planks": "2025-03-31 18:16:50 +0000"
    },
    "done": true
  },
  "mca:recipes/decorations/yellow_oak_crib": {
    "criteria": {
      "has_oak_planks": "2025-03-31 18:16:50 +0000"
    },
    "done": true
  },
  "supplementaries:recipes/pulley": {
    "criteria": {
      "minecraft:planks": "2025-03-31 18:16:50 +0000"
    },
    "done": true
  },
  "mca:recipes/decorations/light_blue_oak_crib": {
    "criteria": {
      "has_oak_planks": "2025-03-31 18:16:50 +0000"
    },
    "done": true
  },
  "mca:recipes/decorations/gray_oak_crib": {
    "criteria": {
      "has_oak_planks": "2025-03-31 18:16:50 +0000"
    },
    "done": true
  },
  "securitycraft:recipes/building_blocks/reinforced_gray_carpet_from_dye": {
    "criteria": {
      "has_wool_carpet": "2025-03-31 19:25:32 +0000"
    },
    "done": true
  },
  "dramaticdoors:recipes/redstone/tall_dark_oak_door": {
    "criteria": {
      "has_items": "2025-03-31 19:14:55 +0000"
    },
    "done": true
  },
  "securitycraft:recipes/building_blocks/reinforced_red_carpet_from_dye": {
    "criteria": {
      "has_wool_carpet": "2025-03-31 19:25:32 +0000"
    },
    "done": true
  },
  "securitycraft:recipes/building_blocks/reinforced_blue_carpet_from_dye": {
    "criteria": {
      "has_wool_carpet": "2025-03-31 19:25:32 +0000"
    },
    "done": true
  },
  "securitycraft:recipes/building_blocks/reinforced_white_carpet_from_dye": {
    "criteria": {
      "has_wool_carpet": "2025-03-31 19:25:32 +0000"
    },
    "done": true
  },
  "dramaticdoors:recipes/redstone/short_scorched_planks_door": {
    "criteria": {
      "has_items": "2025-03-31 19:14:08 +0000"
    },
    "done": true
  },
  "securitycraft:recipes/building_blocks/reinforced_light_blue_carpet_from_dye": {
    "criteria": {
      "has_wool_carpet": "2025-03-31 19:25:32 +0000"
    },
    "done": true
  },
  "securitycraft:recipes/building_blocks/reinforced_purple_carpet_from_dye": {
    "criteria": {
      "has_wool_carpet": "2025-03-31 19:25:32 +0000"
    },
    "done": true
  },
  "dramaticdoors:recipes/redstone/tall_scorched_planks_door": {
    "criteria": {
      "has_items": "2025-03-31 19:14:08 +0000"
    },
    "done": true
  },
  "securitycraft:recipes/building_blocks/reinforced_pink_carpet_from_dye": {
    "criteria": {
      "has_wool_carpet": "2025-03-31 19:25:32 +0000"
    },
    "done": true
  },
  "dramaticdoors:recipes/redstone/short_dark_oak_door": {
    "criteria": {
      "has_items": "2025-03-31 19:14:55 +0000"
    },
    "done": true
  },
  "dramaticdoors:recipes/redstone/tall_sortingwood_door": {
    "criteria": {
      "has_items": "2025-03-31 19:13:47 +0000"
    },
    "done": true
  },
  "securitycraft:recipes/building_blocks/reinforced_green_carpet_from_dye": {
    "criteria": {
      "has_wool_carpet": "2025-03-31 19:25:32 +0000"
    },
    "done": true
  },
  "dramaticdoors:recipes/redstone/short_sortingwood_door": {
    "criteria": {
      "has_items": "2025-03-31 19:13:47 +0000"
    },
    "done": true
  },
  "connectedglass:recipes/misc/borderless_glass_black_pane1": {
    "criteria": {
      "recipe_condition": "2025-03-31 19:28:39 +0000"
    },
    "done": true
  },
  "securitycraft:recipes/building_blocks/reinforced_orange_carpet_from_dye": {
    "criteria": {
      "has_wool_carpet": "2025-03-31 19:25:32 +0000"
    },
    "done": true
  },
  "securitycraft:recipes/building_blocks/reinforced_lime_carpet_from_dye": {
    "criteria": {
      "has_wool_carpet": "2025-03-31 19:25:32 +0000"
    },
    "done": true
  },
  "securitycraft:recipes/building_blocks/reinforced_cyan_carpet_from_dye": {
    "criteria": {
      "has_wool_carpet": "2025-03-31 19:25:32 +0000"
    },
    "done": true
  },
  "securitycraft:recipes/building_blocks/reinforced_magenta_carpet_from_dye": {
    "criteria": {
      "has_wool_carpet": "2025-03-31 19:25:32 +0000"
    },
    "done": true
  },
  "securitycraft:recipes/building_blocks/reinforced_light_gray_carpet_from_dye": {
    "criteria": {
      "has_wool_carpet": "2025-03-31 19:25:32 +0000"
    },
    "done": true
  },
  "securitycraft:recipes/building_blocks/reinforced_brown_carpet_from_dye": {
    "criteria": {
      "has_wool_carpet": "2025-03-31 19:25:32 +0000"
    },
    "done": true
  },
  "securitycraft:recipes/building_blocks/reinforced_black_carpet_from_dye": {
    "criteria": {
      "has_wool_carpet": "2025-03-31 19:25:32 +0000"
    },
    "done": true
  },
  "securitycraft:recipes/building_blocks/reinforced_yellow_carpet_from_dye": {
    "criteria": {
      "has_wool_carpet": "2025-03-31 19:25:32 +0000"
    },
    "done": true
  },
  "DataVersion": 3465
}